-0.81976116	-0.66596246	-0.8549874	-0.67981964	-0.5098093	-0.6681247	-0.75971246	-0.8168318	-0.7830907	-0.8953884	-0.73125094	-0.9275827	-0.6641167	-0.7043791	-0.66864264	-0.67499137
-0.86315846	-0.62291366	-0.96330404	-0.88235134	-0.68197966	2.1587667	-0.94527674	1.7312775	-0.81441486	-0.8757899	-0.88312984	-1.0670832	-0.7844118	-0.7160089	1.3024458	-0.8121696
0.68568957	-0.8683895	0.12892056	-0.6533024	-0.62097305	-0.5078129	-0.93553776	-0.2661419	-0.88621277	-0.76007354	-0.803424	0.33993602	-0.7787772	0.24766135	0.3345834	0.20625865
-0.85095054	-0.8345345	-0.8796221	-0.66740304	-0.65311444	0.6993295	-0.87537587	-0.79176366	0.07140511	0.22195578	-0.82297456	1.3457776	-0.77823806	-0.6451566	-0.8096564	0.081781745
-0.89999956	0.0493021	-0.9423208	-0.84824055	-0.36286628	0.4309157	-0.93446696	-0.84489626	-0.96129394	0.10772705	-0.82111025	-1.094231	-0.7828492	-0.71414465	-0.82333076	-0.79138994
2.091279	0.5245588	-0.9418618	-0.84249216	-0.6699828	0.256734	-0.9058696	-0.8351762	-0.9462114	2.0688543	0.30419022	0.3978821	-0.40596426	-0.69691354	-0.7922588	-0.7376845
-0.285331	-0.82831544	-0.9374931	-0.84235406	1.294033	0.5418047	0.3466944	-0.70858055	-0.87663674	-0.25667238	1.3551617	-1.0351295	-0.8249346	-0.7006403	-0.646894	-0.80683315
-0.9051594	-0.8359883	-0.92766064	0.5835646	-0.6366577	-0.82609355	-0.9526457	-0.85502005	0.4135517	-0.8503902	-0.8757481	-1.030009	-0.67563623	-0.74811685	0.2858944	-0.785931
0.11076063	0.11460322	0.6413518	-0.8053411	-0.65935516	-0.719943	-0.919302	-0.7352252	-0.67432547	0.97338367	-0.86389273	-1.0875428	-0.03091389	0.24388659	-0.8098797	0.31963867
1.0030298	-0.86492693	0.08036977	-0.16018927	-0.19372344	0.74158967	-0.93119264	0.21713465	-0.68916494	-0.81839705	-0.7822197	-1.0509	-0.7464391	-0.58846855	-0.80067265	0.08706504
0.074837625	-0.879	-1.0198734	0.14078832	-0.29126164	0.058897257	0.16485065	-0.7550066	-0.21001565	-0.89706993	-0.9286021	-0.9639888	-0.7693353	-0.70457715	0.15444255	-0.7965917
1.2408036	0.2000168	-0.9663687	-0.82424414	-0.64127004	2.2650676	-0.9664744	-0.8082049	0.16593164	-0.13201475	-0.78411883	-1.0952281	-0.7433924	-0.692094	-0.8003011	1.950227
-0.8880103	-0.49654913	-0.23986697	0.6508525	-0.63792944	1.3260261	-0.92430574	-0.76004475	-0.8746276	0.18789786	-0.7884616	-0.67780286	-0.74299896	0.048665643	-0.66987944	0.9752827
0.4034469	1.1112247	0.10055262	-0.6597803	0.33449978	0.5980545	0.39057535	-0.77047086	-0.829815	-0.6298001	0.22045833	0.20222652	0.3233533	-0.6127065	-0.47944707	-0.5003179
-0.8525764	-0.32561362	-0.83497244	0.9997236	-0.34070966	-0.4659895	0.21474093	0.7752942	0.2814374	0.2783209	-0.7902344	-1.0368503	-0.22105524	0.13265294	-0.5885829	0.6416493
0.25890207	-0.8342001	-0.92227566	0.3220802	-0.6249243	0.054997742	-0.9265851	-0.86330515	0.22408128	-0.9087784	0.33424634	0.22377598	-0.19846225	-0.72143424	-0.8127224	-0.44813168
0.22317028	-0.80977297	-0.9185592	-0.5815532	-0.18479055	0.3223536	0.14303142	0.24196118	-0.8204258	-0.75449455	-0.76528335	0.12005448	-0.76109886	-0.68722177	-0.7061782	-0.42850733
-0.94480246	0.5831225	-0.9929917	-0.8443218	-0.5585968	0.21409649	-0.9363565	-0.80223453	-0.93432605	-0.7448524	0.10283077	-1.0848951	0.3884356	-0.06666356	0.068523645	0.607197
-0.6976594	0.44431806	0.28010678	-0.8218443	-0.53851646	-0.8524665	-0.9446458	-0.7105731	-0.87586766	-0.53170377	-0.8522508	0.18150425	0.38877487	-0.23114148	0.3214767	0.67137593
0.023812592	0.21452367	0.6542727	-0.6922315	0.14767087	-0.7036719	0.14327651	0.12661147	-0.5992861	0.033318937	-0.3639449	0.90933347	-0.63710827	-0.5630856	0.3982309	0.338314
0.14547533	0.1652481	-0.2930773	-0.843708	-0.771961	-0.45800182	0.16806525	0.451272	-0.9725643	0.28596509	-0.617743	0.314044	-0.7815398	0.48427683	0.11493933	-0.81841886
-0.89970845	0.16668344	-0.95888495	-0.848348	-0.5995257	-0.84732133	0.115739465	-0.8255809	0.23954439	-0.8584546	-0.8217326	0.12271094	-0.7711817	1.1579247	-0.840033	0.2222817
-0.838218	-0.1996119	0.2562933	-0.66597027	0.15585256	-0.8089471	0.09967691	-0.65357316	-0.8840065	0.20956802	-0.20499682	-1.0690274	1.4985678	-0.6783665	-0.6747152	0.17603123
0.0920828	-0.868238	-0.9625407	-0.88583875	1.0414269	0.9171909	-0.92997575	-0.8607275	0.16024482	-0.9318907	-0.86651444	-1.0984218	-0.8624848	-0.70667255	0.46820772	-0.806617
1.000105	-0.8363921	1.469222	-0.85127294	-0.20130816	-0.83668995	-0.8344875	-0.5271181	-0.7593099	-0.9034978	-0.741193	-1.0648801	-0.7908267	-0.7082711	-0.83092946	-0.7768166
-0.860574	-0.5684314	0.114666164	0.31504244	-0.68575406	-0.853739	-0.9904405	-0.82926375	-0.17431724	-0.85040206	-0.89975953	-1.0501542	-0.80424744	-0.73261476	-0.87293345	0.06308085
-0.72356284	-0.65448266	-0.68359745	0.589264	-0.6596817	1.1154828	-0.89136744	-0.7415402	-0.9558477	0.25937593	-0.68968385	-0.8017583	-0.094290674	-0.19029152	-0.70468706	1.05534
-0.14217985	-0.7702038	-0.89250994	0.45109433	0.19678247	0.28141057	1.5711453	0.14532268	0.78555095	-0.7966108	-0.8106267	-0.7210328	0.71149135	-0.66241676	-0.6413922	-0.8184304
0.0790534	0.32659996	0.1663475	-0.4924953	1.9775381	0.9018954	0.37798053	-0.7219154	-0.8759996	-0.34776244	-0.80522764	0.62231565	-0.71374637	-0.3949296	-0.47824928	-0.78705305
-0.85408986	0.35992897	0.16392004	-0.7443118	-0.2488501	-0.58699065	-0.86941004	-0.7708667	-0.8127551	-0.83265644	-0.72860515	-0.69419	0.64982975	-0.6403517	1.1498245	-0.39368472
-0.83807576	-0.8526937	0.40532732	-0.72594976	0.24603361	-0.63608795	0.44212955	-0.8389945	-0.87595844	0.5774977	0.110310614	-1.0358216	-0.50406474	-0.7025875	-0.8174892	-0.78180176
-0.8749839	-0.68283635	0.33461726	-0.8692317	-0.39534074	-0.33799073	-0.9194434	0.33100867	0.14574522	-0.9357511	-0.79240406	-1.108217	-0.84651464	0.9468697	0.060766697	0.35646087
-0.8783617	-0.8391152	-0.940913	-0.85596967	1.2554629	-0.86224353	-0.92163944	0.12557054	0.27006376	-0.85662913	-0.8736781	-1.0638415	-0.8212352	0.052107632	-0.82427	-0.8053497
-0.86401033	0.05827886	-0.9664365	-0.78414893	-0.6775242	0.27191764	0.046700537	0.07971716	0.05039215	-0.8501437	0.23763853	-1.0220643	0.054278076	-0.7360019	-0.81286305	-0.8232684
0.2874558	-0.79504627	-0.9257113	-0.87309706	0.2360341	-0.7743663	-0.90452194	-0.8573143	0.5286672	-0.8608944	-0.865041	-1.0387821	0.286654	0.7703909	-0.8239176	0.114773095
0.08027077	-0.17624098	0.07746577	0.1945653	-0.6679987	-0.60348535	-0.8927968	-0.8106769	-0.74829566	0.3498881	-0.76540864	0.5819509	-0.77425224	-0.63786644	0.036973	0.17582512
-0.9035188	-0.8089765	-0.55252874	-0.8275328	-0.6589656	0.1946724	0.25362557	0.6060667	0.4286741	-0.8538468	-0.5437936	1.0375991	-0.035347164	-0.7479698	-0.5017543	0.6141315
0.73872113	-0.8280413	-0.91936344	-0.85925186	-0.65812767	-0.8569838	-0.9229266	-0.8440568	-0.5219908	-0.8363084	-0.8533422	-1.0458311	-0.81399804	-0.7320526	0.7194959	-0.7762471
-0.6921957	0.29179108	-0.9606038	-0.8144523	-0.64152753	-0.7449206	-0.8936761	-0.8277059	-0.90460294	-0.8607412	-0.8066827	-0.7221274	-0.7118079	-0.085410476	0.37584233	0.13348484
-0.8741467	-0.8337806	0.19130719	0.08918387	0.11623728	-0.87066835	-0.9038299	-0.67904454	0.25684297	-0.8204536	-0.28398037	-1.0621423	-0.7964575	-0.64569366	-0.7250538	0.14425462
-0.8961589	-0.87405616	-0.8449136	-0.83862185	0.010320425	-0.84851766	0.12924606	1.4483767	-0.89130646	-0.78347987	-0.8937953	-1.0668573	-0.7540782	-0.7282184	-0.7570628	0.59230465
-0.84697574	-0.34141937	-0.12311751	-0.655614	-0.5712008	0.1061514	-0.9102431	0.29302633	0.14379412	-0.93207806	-0.67265344	-0.98932964	0.14946032	0.8117911	-0.8192018	0.15217978
2.5363169	-0.1712498	-0.95757186	-0.84585506	-0.65837246	-0.8573358	-0.9005067	-0.8070446	-0.93531644	-0.84911793	-0.8724347	-1.0679293	-0.7853881	-0.7193911	-0.8175537	-0.79396904
-0.8652183	-0.83179873	-0.43871793	0.38550967	0.062342227	0.4667647	-0.9096045	-0.8522086	0.08783507	-0.8904367	-0.80865216	-0.13903707	-0.81894386	-0.65224886	-0.795437	-0.79386234
-0.859334	-0.8718259	-0.89822215	-0.8437249	0.88630563	0.30997515	0.1545096	1.6651499	0.251135	-0.8402979	-0.80176467	-1.081479	-0.83265895	-0.7584716	-0.825452	-0.79288626
0.71473145	0.19965339	-0.9191212	-0.8274147	-0.6580729	-0.74054074	-0.9060524	0.4517511	-0.855736	-0.8586863	0.5123928	-0.6934972	-0.57780325	0.548956	-0.81621	0.7807831
-0.5522355	-0.7251056	1.3531936	0.07732922	-0.6730799	0.1989252	-0.91641515	0.24614966	0.3166263	-0.7491994	-0.79436666	-1.0053279	-0.77327144	0.09108442	0.4925654	0.61201566
-0.8795748	0.10865468	0.29182625	-0.7351588	0.23043978	-0.7561201	-0.8950464	-0.85548544	0.33452332	0.07249045	-0.78139895	-0.9688228	0.2898878	-0.6696873	-0.711322	-0.36598834
-0.8504313	0.35403657	-0.9402273	0.6675677	0.9684296	-0.7746026	-0.93094	0.64498484	-0.87480724	-0.7865879	-0.8275087	-1.0389093	1.4917557	-0.7169647	-0.80686903	-0.7866283
-0.8289774	-0.862015	0.109853566	-0.49712536	0.43867618	-0.8264896	-0.9312222	-0.8353403	-0.8715249	-0.8841099	0.24899632	-1.0820154	0.093791425	-0.60050166	-0.84661967	0.0721544
0.3059566	-0.82113045	-0.94013786	-0.67446434	-0.6687691	-0.8522405	-0.85857564	0.15448332	0.7816055	-0.8378101	0.32975227	0.25494552	-0.7622683	-0.7225962	-0.039274573	0.8671964
0.06489295	0.018332183	-0.9790322	-0.67497474	0.36752397	0.10764384	0.12843114	-0.8620365	-0.8713356	-0.75320506	-0.8715885	0.14274299	-0.77666366	-0.7628089	-0.8202685	-0.7890913
-0.9267143	-0.5905341	0.821015	0.21216482	-0.6173552	-0.5137776	-0.9085919	0.44048715	0.24434996	-0.9095144	-0.80893165	-0.45584732	-0.73385954	-0.67832935	0.14183521	-0.80344003
0.08322281	-0.8806901	-0.92346096	-0.8129525	-0.7015827	-0.5538521	1.304302	-0.4592731	0.12544024	-0.8384137	-0.6755172	0.41507173	-0.31107667	-0.7083493	-0.71427876	0.23128808
-0.9253247	2.093991	-0.9150645	-0.8702136	0.15901846	-0.76506174	-0.93902373	-0.40643322	0.25633335	-0.6790571	-0.81138885	-1.0582463	0.061925232	-0.17356926	-0.7301519	0.1938293
1.1806272	0.07514197	-0.91662884	0.30259937	-0.68420136	-0.85621405	-0.9337796	-0.82852507	-0.86709607	-0.75103205	-0.8516143	-1.0686837	-0.8106621	-0.7266109	0.10274249	-0.7756108
-0.6562835	-0.8394829	-0.9100307	-0.72739184	-0.65444547	-0.8587216	0.7146922	1.9368396	-0.9395705	-0.84190285	-0.8801979	-0.53304225	-0.66625714	-0.7290609	-0.81639236	-0.7702452
-0.45310348	0.11573976	-0.53880787	-0.6007674	0.040255427	-0.8180994	-0.82246196	0.89344025	0.27822042	0.61102426	0.3462314	-0.879219	0.34107065	0.24005234	0.5558076	0.19723707
0.085769534	-0.8434144	-0.9463988	-0.8341912	-0.7434694	-0.68763906	-0.8996082	0.08355373	-0.8369305	-0.808651	0.32050174	0.20714843	0.07215917	-0.5765362	0.06651521	0.15180826
-0.89776456	-0.8444961	-0.36013573	-0.8470271	0.077781916	0.17809594	-0.3319695	-0.8264884	-0.6551229	-0.85531276	0.10688156	-1.0136257	-0.79720736	-0.6456648	-0.8276728	-0.7963378
-0.84816146	-0.8678091	0.100869596	-0.8356384	-0.700622	-0.8420968	-0.9021508	-0.8529427	0.26766133	-0.87925005	-0.80627	0.012931228	-0.764511	-0.6250729	0.4736631	-0.80169445
-0.80030704	-0.7664399	0.08645439	0.08895904	-0.5833724	0.35315084	-0.86574477	0.32304847	0.7614875	0.59221315	-0.8657949	-0.66952336	-0.6280502	-0.7300075	-0.57634354	0.49819678
-0.8943962	0.41199112	0.062892616	-0.104466796	0.13546962	-0.82551324	-0.94509256	-0.7711741	-0.81592876	-0.7022191	1.0868843	-0.903649	-0.3382329	-0.70470154	-0.7798011	-0.795385
-0.9209682	-0.87474835	-0.91651446	-0.8611553	-0.67272514	0.13299823	-0.9498772	-0.5956875	-0.9703073	-0.87467754	0.70738286	-1.0718652	-0.7650643	-0.7004889	-0.8132027	0.28867018
-0.90507585	0.53929687	-0.93167573	2.1880636	0.8655372	-0.87578833	-0.96017	-0.84893286	0.12382001	0.3302226	-0.81144303	0.08834028	-0.7777706	-0.7091246	-0.7933329	-0.8033472
0.45812154	-0.8656709	-0.9451469	-0.85713464	-0.5935733	0.25905538	-0.87987673	0.21799481	-0.8620701	-0.8495418	-0.84174126	-1.0726535	-0.76145196	-0.5374993	0.35335112	0.36229736
-0.9050727	0.0606395	-0.93189996	0.13939154	-0.6547445	-0.85676515	0.049590588	0.071279466	-0.90285635	-0.9333284	0.07015741	-1.1178983	-0.7660041	0.03545785	-0.88313556	0.048428297
-0.789325	0.08208966	-0.5212468	-0.8459077	0.07305777	-0.8373704	0.45934504	-0.79838425	-0.82712114	-0.8770205	-0.70934623	-0.6837127	-0.76446545	-0.70548624	0.3302995	0.34670287
0.40181124	-0.25066072	-0.43763325	0.1484732	-0.67029583	0.22542685	-0.3296004	0.23268837	0.8903185	-0.8691084	-0.42039946	-0.8468135	-0.7472364	-0.72649616	1.1037407	-0.7767183
-0.88968575	-0.8438166	-0.9166127	-0.84331346	0.5000244	-0.86620176	-0.9431808	-0.8749687	-0.8899128	-0.8268226	-0.84397084	-1.0468924	0.5486928	-0.7246334	1.6140496	-0.78312886
0.5179471	-0.71036106	0.36420774	-0.64952445	-0.44251367	-0.82146126	-0.9242416	0.62568355	-0.72842497	0.4902743	0.73482126	-0.841532	0.11749041	0.40641838	-0.36345136	0.18800044
-0.8571656	0.17798513	0.13370866	-0.7377235	2.0177262	0.4819758	0.25329202	-0.736564	-0.8494035	-0.89200014	-0.87959075	-1.029071	-0.7451524	0.356556	-0.11192459	-0.798965
0.45739818	-0.611671	-0.9389875	-0.84693575	1.2879481	-0.862891	0.29023534	-0.66234	-0.6067809	-0.7844649	-0.7750135	-1.072282	-0.6483045	0.43390673	0.6599009	-0.795034
0.71453416	-0.8705767	-0.92008823	0.31158894	0.31073445	0.36338985	-0.9004818	-0.76726043	-0.7940831	-0.87653255	-0.7239149	0.06841135	0.1308536	-0.73443455	-0.18120372	-0.8116776
0.07678878	-0.7061149	-0.40765843	0.42079538	0.2700801	-0.8433327	-0.9410624	0.12824726	-0.8514923	0.10696244	-0.8691499	-1.0805322	-0.7320823	0.16510236	0.3775301	-0.5755361
-0.87102914	-0.8699629	-0.9976543	-0.8104452	-0.6630559	-0.84361786	-0.916966	-0.8674603	-0.93948865	-0.88896143	-0.86520445	-0.99868923	-0.7729545	-0.7232385	-0.815751	-0.7882266
-0.64760244	-0.8436069	-0.94964606	-0.8540782	-0.27837992	1.1029159	-0.90455824	-0.8344633	-0.8681502	0.42898202	-0.27900362	-1.0740987	-0.7774484	0.06414908	-0.827731	-0.4705035
-0.65239066	-0.7535212	-0.90895826	-0.8458493	-0.6745131	0.084712684	-0.8985582	-0.8508295	-0.8392474	-0.8437039	-0.7958666	-1.0450089	-0.8310857	-0.732934	0.34324658	-0.7932461
-0.13580418	-0.8760799	-0.9321774	0.07795709	-0.71065587	0.11705351	-1.0062649	-0.861277	0.12143314	-0.8692909	0.1225369	-1.0959524	-0.84455794	-0.7240553	-0.8629626	0.10865438
-0.9061129	-0.86206096	-0.94602424	-0.8068277	0.60181075	-0.8570536	-0.9767747	-0.8428656	-0.89891034	-0.8719189	-0.85423857	-1.0422558	-0.7895257	-0.7048051	2.11372	-0.80644375
-0.90723985	-0.8586208	-0.9622551	0.54882056	-0.620111	-0.44045955	-0.9820931	3.1367106	-0.8863071	-0.91643524	-0.8719677	0.27126098	-0.83927125	0.16923869	-0.07451451	-0.8313993
-0.90652454	-0.8058827	-0.9243604	-0.57776415	-0.66819966	-0.7788192	0.14749223	1.5479517	-0.23326635	-0.6671393	-0.8430969	-1.045059	-0.72522753	0.1399973	0.14190471	0.48827332
-0.88043195	-0.7927539	-0.9373753	-0.8489017	0.47133034	-0.6773006	0.21519464	-0.8634165	-0.6103004	-0.83590806	0.112306714	-1.0862978	-0.803641	0.15844882	1.7504088	-0.7711213
-0.91463137	-0.11974162	-0.91504526	-0.28962368	-0.6465249	0.090109825	0.15719324	0.11617005	0.11831999	-0.80980915	-0.8588748	-1.0618722	-0.8394258	-0.735275	0.13618898	-0.7915389
-0.4597041	-0.20485353	-0.113972306	-0.20837921	-0.702532	-0.84509695	0.23544091	-0.85508454	-0.7602775	-0.760472	-0.8099463	0.18674123	-0.7521222	0.07224786	-0.77742434	0.5304468
1.4097196	-0.8611485	0.4519037	0.40734428	-0.57913697	-0.78431183	-0.9712495	-0.7810669	-0.8560201	-0.8497419	-0.7876322	0.77179873	-0.47926372	-0.69842225	-0.5228815	-0.7643335
-0.50945127	0.2792127	-0.39178205	0.986435	0.22810894	0.19677901	-0.90518504	-0.18998563	0.20099998	-0.31695113	0.14294994	-0.9030303	-0.76995534	-0.73674333	-0.71961063	0.3950631
-0.86727005	0.11467612	-0.5942882	-0.8563026	0.810016	-0.53408897	-0.9117559	-0.2668546	-0.6374504	0.12870514	1.1893334	-1.0782876	-0.8381779	-0.6917303	-0.86790985	-0.8039992
-0.8574023	-0.84800655	-0.20704377	0.1892643	0.061597407	0.31904817	-0.8922665	0.2759701	-0.86829484	-0.83041114	-0.86049235	-0.4873095	0.054666996	-0.72688717	0.15171379	-0.6992204
0.3724569	-0.83843094	-0.9625144	-0.16607845	0.2002548	0.10349095	0.20260984	-0.85065866	0.27089	-0.8264496	-0.79447633	-1.058347	0.44406176	-0.69768703	0.2993183	-0.79540586
-0.6853941	0.16006416	-0.90473133	-0.75987643	0.23051721	-0.8442378	-0.35113907	-0.80308485	-0.8689014	0.030178308	-0.69543874	0.3260131	-0.65738666	-0.74538046	0.4731995	0.44207436
-0.8638364	-0.3779622	0.45492363	-0.43999016	0.17274535	-0.86865246	-0.86937344	0.46511126	-0.83712554	-0.77425057	-0.8629319	-1.0592743	-0.7416825	0.24285388	-0.7945589	-0.7963345
0.48399723	-0.8633355	-0.6450166	-0.83623606	-0.7210728	-0.85346496	-0.0032669902	-0.85134894	-0.9242598	-0.8210175	0.21548998	1.0483004	-0.82184684	-0.73413354	-0.6728684	-0.78043365
0.9406949	-0.8700616	0.20005631	-0.54996085	0.030016124	-0.17066711	-0.879898	0.118424475	-0.81506246	-0.8520182	-0.80344564	-0.9893846	-0.6142926	-0.7243346	-0.3639263	0.28765833
-0.9133198	0.6258228	-0.90274227	-0.65373605	0.53053516	-0.01118958	-0.8756357	-0.09993231	-0.08307195	-0.4898285	0.2013632	-0.99842435	0.0077196956	0.20890033	-0.8018005	-0.6944679
-0.9095658	-0.86287487	0.22950077	-0.8269584	-0.3473092	-0.85355926	-0.9301369	-0.8574438	0.07603395	-0.14220381	-0.80079883	0.25834787	0.12461442	-0.6865951	0.40565348	-0.7916657
0.12635517	0.9564003	-0.18276495	0.94775075	-0.50233567	-0.87031007	-0.9207241	-0.7868066	-0.87893414	-0.8133446	0.16542673	-1.0318305	-0.739139	-0.73085463	-0.8285723	-0.6820858
-0.5812147	-0.8871202	-0.9498998	0.046034098	-0.6756979	-0.8589972	0.29809517	-0.81054497	-0.9165166	-0.17141992	-0.87546694	-1.0613773	-0.6698631	0.17207754	0.42263663	0.05330634
-0.8759627	-0.88993526	-0.37741104	0.0528813	-0.6796338	0.116500676	-0.9184151	0.18324733	0.2599746	0.21129167	-0.8179212	0.048279762	-0.733998	-0.7429311	-0.5452456	-0.8014971
0.12868297	0.20853448	-0.91425097	0.071172416	-0.6174087	-0.8475659	0.22734684	-0.681336	-0.8247369	-0.6748803	-0.78086656	0.16539323	0.07697064	-0.7181024	0.59228873	0.09978837
0.66074896	-0.8646785	-0.90447336	-0.19839448	-0.68893147	0.77387226	0.034792483	-0.83675456	-0.6347692	-0.8627504	-0.8333335	0.8274058	-0.81594443	-0.6709867	-0.78711194	-0.75472754
-0.8827326	-0.8694627	0.07062864	-0.5326854	-0.68546844	-0.3187147	-0.79989827	-0.7799916	-0.708066	-0.5031593	0.3094092	0.4194268	1.3108013	-0.60616875	-0.07831633	-0.6372818
-0.8518403	-0.73452705	0.32025695	-0.80460787	-0.46197486	-0.8454177	1.1702473	-0.65778285	-0.88708806	-0.75575334	-0.7812473	-0.8962978	0.8662528	1.2947373	-0.8043859	-0.6465396
-0.9332147	0.3131683	-0.91495776	0.09473026	-0.67308915	-0.8578057	0.11419165	-0.18969381	0.32245266	-0.93444335	-0.8912178	0.13775086	-0.59024036	-0.7069021	-0.8130227	-0.241575
0.49598813	0.23534846	0.20908737	0.16851598	-0.20642999	0.13495022	0.3541283	0.42897546	0.3272221	-0.6909767	0.70409256	-0.45864537	-0.5493437	-0.6536067	0.63089275	-0.77521
-0.41201177	0.31525838	-0.64672786	0.18116409	0.07721937	-0.7518446	0.34078282	1.032163	0.16120481	0.3142501	-0.7279452	-0.9328319	0.13320857	0.46346337	0.2069037	0.36449462
0.5913937	0.11425465	0.7705728	-0.13616538	0.15368086	-0.47568068	0.175497	0.1783989	-0.8104917	-0.71994436	-0.08189207	0.3013476	-0.72599715	-0.69745743	-0.7796136	0.1709624
1.1640093	0.21409887	-0.9424682	-0.85799253	-0.64347434	2.1168237	-0.92889977	-0.7730342	0.20703185	-0.19985425	-0.8079681	-1.0508275	-0.8411723	-0.7117768	-0.79857874	1.9958093
-0.91997284	-0.8889514	-0.9192982	-0.34032986	2.1515796	-0.8336579	-0.92378867	0.14235544	0.2678759	-0.79463524	-0.8439042	-1.0605845	-0.65955466	-0.7296254	-0.82684875	-0.80866486
-0.8823521	-0.86778826	-0.9297054	-0.8329388	-0.69956154	-0.8571043	-0.9374559	-0.86133415	-0.9698961	-0.8885164	-0.8337073	-1.0915722	-0.8405015	-0.70815283	-0.8070059	-0.8093101
1.0522004	-0.8223795	-0.8651911	-0.43615514	-0.5789205	-0.78124535	0.1625238	0.1478154	0.2563163	-0.8062592	-0.88530004	0.10926747	0.21391255	0.5310225	-0.8086014	0.3046139
-0.8247767	-0.8910929	0.86189663	0.7566833	0.2455737	-0.8374971	0.17537743	-0.8380991	-0.94437104	0.56147003	-0.74887824	0.33913255	0.23192167	-0.64747775	-0.4008119	-0.79066515
-0.9145114	1.4366951	-0.9048726	0.34984416	-0.06255603	-0.54506934	-0.9387513	0.1570558	0.18561047	-0.7673685	-0.04749328	-0.9902218	-0.8074678	0.14316535	0.2763188	-0.38383082
-0.8746835	0.89340365	-0.87388384	-0.82958746	0.15408754	-0.86362565	-0.85789174	-0.835312	-0.9048872	-0.8532498	-0.8186349	-1.0981252	-0.81182635	-0.7312125	-0.8164347	0.24089026
-0.8995242	0.08349651	-0.96452516	-0.83039963	0.2508372	0.06579882	-0.94474316	-0.8616196	-0.8886826	0.10910249	-0.85884106	-1.0630828	-0.7978896	-0.7565882	0.15383059	0.24781
-0.8517331	-0.87143546	-0.81737405	-0.7893676	0.26862282	1.2579572	-0.27180606	-0.8065795	0.2385602	-0.8471952	0.12047118	0.21096921	-0.13479847	-0.7241644	-0.7822405	-0.7786304
0.48702347	-0.8719021	0.04188651	-0.7760873	-0.4324941	-0.7724342	-0.11666328	0.4182291	-0.8293547	-0.80095744	0.3138935	0.16574657	-0.7719293	0.7599432	-0.6750206	-0.78033817
-0.87750715	-0.85867083	-0.94050455	-0.82484555	0.90618604	-0.8556963	0.385691	-0.8591027	2.027977	-0.8663474	-0.8593006	1.1660832	0.105427384	-0.7186121	-0.81703526	0.44398874
-0.8644564	-0.89244473	-0.29904062	0.47185606	-0.73226166	-0.8569744	-1.0305164	-0.85591215	-0.8725608	0.07305133	0.14620346	0.33963406	0.07475662	-0.7058755	-0.78112364	-0.8164257
0.6470773	-0.82283926	-0.924656	-0.87163377	-0.73393726	-0.84852505	-0.9420908	-0.77493876	-0.87380695	-0.9500743	0.28502208	-1.0769982	-0.78967893	0.15147781	-0.8186187	-0.8202494
-0.86582047	-0.79530776	-0.9185102	0.10509473	-0.6727748	-0.8443696	-0.9132355	-0.7932412	-0.7567565	0.16618353	-0.6303069	-1.1006407	-0.75084054	-0.69117534	-0.82369787	-0.79500407
0.07559574	0.14464307	1.2650656	-0.63978446	0.40908605	0.11909473	0.04648465	0.2749076	-0.8057448	-0.1335038	0.07075477	0.37459576	-0.6575912	0.31713796	0.27890658	-0.75548583
-0.893683	-0.8528219	0.35399032	-0.60372806	-0.6496231	-0.80269784	0.09467107	0.98072946	-0.92069215	0.089524925	-0.38836482	-0.7714202	-0.65805465	0.18089193	0.06548411	-0.12612665
-0.8540539	-0.79954445	-0.910516	-0.83609784	0.21277106	-0.8299031	-0.8163562	-0.79774016	0.25599337	-0.25375664	0.22523141	1.0320271	-0.7802652	-0.53711253	0.5835147	0.17492408
-0.7484486	0.51546466	-0.87237376	0.073530674	-0.65258294	-0.85173506	-0.91560245	-0.8786765	-0.7722228	-0.8500094	-0.7934818	-0.98774284	1.141113	-0.41765794	-0.8762102	0.032396972
-0.91791916	-0.8780004	-0.90987504	-0.85431135	1.2072959	-0.85545707	-0.96940607	-0.84862494	-0.8670227	-0.9030132	-0.7952461	-1.0284195	0.79927325	-0.7291008	1.2612282	-0.7944252
-0.7553012	0.038097084	-0.5900007	-0.79483503	-0.58589363	-0.8148129	0.06383067	-0.8197406	0.16713005	-0.6918261	0.38536984	-0.9362861	-0.6603905	0.75495285	0.30843425	-0.79460365
0.2231158	-0.76966053	0.42249346	-0.7628622	-0.6364952	0.07073605	0.80728453	-0.1266467	-0.61559314	-0.7380584	-0.7604882	0.40713477	0.3554821	0.4587602	-0.61760473	0.5070421
-0.80703527	-0.75553125	0.16013026	0.2264595	-0.6301102	-0.5536615	-0.8949294	0.42279923	0.17623478	-0.86378795	-0.82840014	0.17774045	0.070453644	-0.620184	-0.10398716	-0.7970772
-0.8539628	0.64739895	-1.0031871	-0.8299296	-0.7118322	-0.85862505	-0.92383987	-0.08284384	-0.89241755	-0.8923347	-0.81233525	-1.0302368	-0.7949305	-0.7033427	0.24069524	-0.81307876
0.16212773	-0.6272534	-0.9112957	0.18611455	-0.66644865	0.33837402	-0.94693166	-0.80781406	0.43946326	-0.62724936	-0.77239376	-1.0892346	-0.7723863	0.26470363	-0.81384116	2.3661392
-0.9337023	-0.87163323	-0.9925326	-0.8673142	0.15925354	0.026526451	-0.984348	0.094150424	-0.8935442	-0.90091395	0.13253886	-1.1020536	-0.65389	-0.70631206	-0.84160906	-0.7699712
-0.59818107	-0.5195931	0.0850966	-0.6866518	-0.6316218	0.4704126	0.37217063	-0.82077265	-0.8886476	-0.89579797	-0.78318596	-0.7544329	0.6960207	-0.5753457	-0.7567645	0.51144975
0.027053237	-0.9064549	-0.9311635	-0.90692437	-0.72633433	-0.86279523	-0.5433061	0.10212201	-0.9878162	0.063929796	-0.05540359	-1.0919237	0.026418567	0.05257696	-0.8172264	-0.70542413
-0.6180218	0.27022505	0.12315369	-0.84007925	-0.69554615	0.0418036	0.074145794	-0.78562087	0.040585697	0.29919076	-0.10838157	-0.75399363	-0.6655287	-0.5114971	-0.80321217	0.089933515
0.018509686	0.23788041	-0.9635647	-0.6163041	-0.65791434	-0.8516484	-0.965806	-0.8577248	-0.8875483	-0.10016048	-0.87127835	0.23807883	-0.816716	-0.6899722	-0.81962836	-0.8092262
-0.89421135	-0.79878986	0.0714134	-0.7742194	-0.6881565	-0.8292333	0.13398117	0.3290485	-0.9463242	0.10858017	-0.84515846	1.0066193	-0.77268356	-0.67510194	-0.83089423	-0.78641766
0.077503264	0.31378567	-0.46673676	-0.45097572	0.07234442	-0.2011714	0.07290518	-0.8451674	0.18296456	0.008475721	0.10961717	-1.0846952	-0.38108087	-0.7012315	0.07853955	-0.5194324
-0.584193	-0.8909683	-0.92611283	-0.88146794	1.4587014	-0.8506251	0.29459292	-0.6150297	-0.69775116	-0.70496	0.8337589	0.18667316	-0.46572873	-0.7112605	-0.80940795	-0.79954565
-0.9185951	-0.8651411	-0.9078765	-0.8381442	-0.66888046	-0.8432489	-0.96714205	-0.8076231	-0.9201031	-0.85453784	-0.7986953	-1.0911762	-0.785975	-0.70647025	-0.7959019	-0.27979845
-0.8824184	-0.65766907	0.10152781	0.0880698	-0.67929184	-0.61699957	-0.960854	-0.65740985	-0.8688156	-0.8892248	0.889044	0.12240958	-0.7586049	-0.71178335	-0.798333	0.11079389
1.3080946	0.98296773	-0.912547	-0.5862867	-0.698921	0.7835332	0.27775174	-0.83375525	-0.7463656	-0.90273434	-0.7903862	-1.0486373	-0.826701	-0.72546595	-0.798481	-0.74401176
0.19701105	-0.8636202	0.489599	-0.69524294	0.15324044	-0.7366806	0.37038594	0.09647763	-0.7630459	0.86084664	0.23095709	-0.7600014	-0.41565883	0.22837639	-0.5425289	0.20054615
0.32780945	-0.8675095	-0.930036	-0.16597444	-0.037994087	0.34897506	0.22100896	0.1287148	-0.87305856	-0.8114954	-0.8155181	-1.0980275	-0.70896435	-0.6970755	-0.79703486	0.36727315
-0.8798138	-0.8784776	-0.9457639	0.7927981	-0.2729755	-0.80381936	-0.90600693	0.13096929	-0.86783624	-0.8763183	-0.86128616	-0.29847038	-0.6299248	-0.6838832	0.20305932	-0.07062006
-0.6671295	-0.7903576	0.054160357	0.08433789	0.09368986	0.5428575	-0.14117467	-0.7764422	-0.7175503	-0.88270175	-0.8934122	0.20231271	0.03937882	-0.7103983	-0.83782727	0.12207854
0.1271472	1.1071414	-0.9389457	-0.85290474	-0.7069983	-0.88002145	0.10772711	-0.8408713	-0.92677695	-0.8253608	-0.87375855	-0.604041	-0.60160834	0.021119833	0.10397601	0.22307545
-0.8819325	0.48599863	0.056692064	0.39222115	0.09088045	-0.8439211	-0.07494879	-0.8000504	0.18851101	-0.8212064	-0.877687	-1.0463417	-0.7546553	-0.7236906	0.14160758	-0.8019881
0.15089524	-0.7147108	0.41724312	-0.7330269	-0.4140109	-0.73384315	0.43321115	-0.6008359	-0.84645784	-0.5405003	-0.61933804	0.2689396	0.25263244	0.84253997	-0.7873734	-0.22037429
-0.91992384	-0.89066803	-0.91085696	-0.8369583	-0.6033441	0.6825645	-0.97452986	1.035403	0.4252416	-0.72637033	-0.79359627	-1.0933748	-0.7896626	-0.71044475	-0.78634876	-0.7898878
-0.8551457	-0.5237866	-0.91665936	-0.35833663	0.5528355	-0.8564585	-0.9289614	-0.6797354	-0.8250264	-0.6751588	-0.8220767	-1.0526296	-0.739799	0.2847895	-0.8011819	1.8887539
0.50475144	-0.86044514	-0.9902524	0.62519306	0.020118594	-0.8417161	-0.9368054	-0.8280672	-0.90835154	-0.8195109	-0.8904187	-1.0778084	-0.7225398	-0.7484807	-0.76862514	-0.8097398
0.08001965	-0.8841964	-0.8567134	-0.27593848	-0.6426561	-0.6356047	-0.8043487	0.5294281	0.094919264	-0.77446115	-0.7795907	0.21137154	-0.6603457	0.1480537	-0.8022261	0.0784471
-0.8508658	0.2813623	-0.9257964	0.118026435	0.09862167	0.09049386	-0.9222698	-0.77367246	-0.73012334	-0.84550583	-0.8311623	0.29231274	-0.7293694	-0.68662965	-0.47277245	0.5692366
-0.64720774	-0.82184047	-0.722215	-0.8028457	-0.6297396	-0.8024037	-0.89486146	0.22477692	-0.867235	-0.0033295155	0.212138	-1.0496635	-0.76415896	-0.5990921	0.37839997	0.30076075
-0.85045886	-0.79869276	0.111091435	-0.828688	-0.5373804	0.5448619	-0.91419023	-0.6311247	0.11926323	-0.8921764	-0.28581077	-1.0433173	0.15440631	0.17976028	-0.8162957	-0.4577712
-0.8279012	0.3400172	1.2202724	-0.2847103	0.19210923	0.24190861	-0.9583204	-0.76675075	-0.4960454	-0.8619185	-0.8065389	-0.044283986	0.11561811	0.35308087	-0.3551481	-0.7602056
-0.7469043	-0.8760817	-0.94697905	-0.8446435	0.04613185	-0.66359043	1.1364341	0.42801547	0.15790743	-0.78541845	0.26147598	-0.16482371	-0.7014374	-0.6933582	-0.81714	0.15919954
-0.9018525	0.127891	-0.054041743	-0.70150006	0.27174014	-0.8476939	-0.72674614	0.061635017	-0.8236868	-0.8272086	0.14361703	-1.022538	0.46452677	0.5304801	0.0978443	-0.46287078
-0.87475616	-0.8501659	0.862517	-0.85263354	-0.6611886	0.29148066	-0.88128614	-0.709403	0.29061186	-0.34852985	-0.8027457	0.22820067	0.08545077	-0.7217054	-0.3499076	-0.80290264
-0.32267436	-0.837257	-0.9097112	0.26343173	0.09195948	-0.63350904	0.6567499	-0.8400426	0.20370317	-0.65919447	-0.7826212	-1.0698502	0.20470119	-0.71563673	0.21125925	-0.7824639
0.11165482	-0.8438933	0.22187471	0.28527075	-0.7089503	-0.87527406	-0.9650219	-0.8530545	0.14882308	-0.35674292	0.3943134	0.11175871	0.32494032	-0.79301256	-0.78007144	-0.7955234
1.4953057	0.09277803	-0.8668415	0.03593099	0.20554096	-0.82284015	-0.16420597	-0.8585969	-0.87869686	-0.8710735	-0.8473984	-0.85382915	0.4516816	-0.6941259	-0.45462257	-0.7931934
-0.93714136	0.1098209	0.1738075	0.13442701	-0.5975373	-0.8539081	0.05701518	-0.87015796	0.29548907	-0.68403065	-0.79954463	-1.0272542	-0.6538217	-0.68964	-0.028840601	-0.8318871
-0.05895281	0.24333829	-0.96083415	0.05356306	0.08377439	-0.6277585	-0.93908834	-0.8011073	-0.90835875	-0.9487067	0.34801334	-1.0642562	-0.778192	-0.2704865	0.13584125	-0.8107779
0.4884106	-0.5259748	-0.8396631	-0.7936698	1.8549087	-0.83625305	-0.8916568	-0.7902473	-0.5988286	0.21204162	-0.8871536	-1.0978944	-0.83996487	-0.75860405	1.4607738	1.6520321
-0.81785184	0.33574975	0.087079585	0.1482814	-0.6729746	-0.7039137	-0.9641108	1.2396818	-0.8608485	-0.8658724	-0.79213405	0.3409524	0.049522936	0.4874459	-0.7928456	-0.75870913
-0.8300026	-0.6732762	0.15790391	-0.8376565	-0.26983786	-0.82659817	-0.9116372	-0.77060384	-0.32581773	-0.80052155	-0.7784651	-1.0562677	0.36288977	0.10502726	0.9913281	-0.8080792
0.03658533	0.037582695	-0.93746066	1.0081642	-0.5135535	0.2715156	-0.9144285	-0.8216193	-0.9322964	0.3521682	-0.85356224	-1.0129426	0.31859004	-0.63617295	-0.8013009	1.6263163
-0.89861166	-0.8551039	1.5822319	-0.8510331	-0.6196477	0.18481249	-1.0301132	2.5527627	-0.9070821	-0.84582186	-0.79745114	-1.0923243	-0.76801056	1.4853697	-0.8130483	0.3109514
-0.8841819	0.0157547	-0.65007883	-0.8475304	-0.5941854	-0.8345447	0.31392163	-0.8320158	-0.8919929	-0.9120451	-0.7418909	-1.0879331	-0.8009754	0.33227366	0.0842942	0.1299603
0.10677445	-0.87796754	0.03594452	-0.81620944	0.08029914	-0.85970473	-0.94017154	-0.86537904	-0.42608163	0.2431866	-0.81386864	-1.0763292	-0.87710893	-0.7014309	1.1676428	1.4147749
0.13085997	-0.87153256	-0.93608856	-0.83641195	-0.69186366	-0.8318597	-0.9583776	0.8798269	-0.87453794	-0.8748083	-0.84286183	-1.0806088	-0.8053059	-0.7019024	-0.89929533	-0.8338819
0.08360201	0.25439203	-0.7077165	-0.8540677	1.7618685	-0.77960277	0.10408443	-0.7171543	-0.8977419	0.31165218	-0.78614783	-1.0361247	-0.7160561	-0.68143815	0.20320606	-0.6782897
-0.7807799	-0.86719906	0.11925602	0.07340515	-0.6433742	0.090984344	-0.9071183	0.97763014	0.5844357	0.08824837	-0.776948	-0.97091055	0.15957135	-0.54826605	-0.76589537	-0.67636347
-0.5222258	-0.48091215	0.15068418	0.181858	0.56072706	-0.7253719	-0.10309613	-0.73835474	-0.13648778	0.09136319	-0.59973925	-1.0361345	-0.6048378	0.58062905	0.10123879	-0.74965113
-0.8433525	-0.84263057	-0.90038115	0.059966683	-0.5957134	-0.7178773	-0.703828	-0.83881956	-0.8553101	0.23041213	-0.72957194	0.11663008	-0.7999194	-0.70241755	0.3274567	-0.25361615
0.15438694	-0.8650381	0.81750965	-0.86153	-0.29509807	0.25337547	0.13160807	0.09628856	-0.8210724	-0.90259206	-0.87643206	0.0628103	-0.7617634	-0.7113392	-0.76957536	-0.7705447
-0.9377586	-0.84486485	-1.0079535	-0.8144616	1.3887658	-0.8739035	-0.9476558	-0.8706387	-0.8535061	-0.82811105	-0.8439314	0.19529653	-0.7953135	-0.7538599	-0.8156209	-0.5511416
-0.88714194	-0.09991878	0.4778899	0.14410919	0.09132236	-0.84770405	0.49233907	-0.10434759	-0.927096	-0.74005634	-0.66809654	-0.8771621	-0.83071077	-0.7276379	-0.6449058	-0.60363925
-0.9146051	-0.8356432	0.48240125	-0.82032686	0.06354314	-0.76252925	-0.9225035	-0.8457514	-0.6013713	-0.778332	-0.8586474	0.7664496	0.2550612	-0.48123276	-0.7762838	0.5855374
-0.8837722	-0.8357862	0.5896152	0.47363657	0.11588061	-0.84428656	-0.9589867	-0.8572103	-0.42077315	-0.8644703	-0.80670005	0.055579305	0.36288345	-0.7376122	0.08234304	-0.7950832
-0.910004	-0.90928346	-0.97682387	-0.8650062	0.7049741	-0.7907411	-0.956852	-0.8035072	-0.46522763	-0.78420454	-0.787456	-1.1118515	-0.80717707	0.46128696	0.69214857	-0.4247177
-0.86709476	-0.8626441	-0.98867816	0.09590477	0.40924388	-0.8667945	-0.91346514	-0.85251975	-0.9840523	-0.9249802	-0.90323085	-1.0668683	-0.8337644	-0.747944	-0.86178565	-0.54482394
-0.9200631	0.22880965	-0.6300874	-0.16544497	-0.6723742	-0.8299308	-0.8985205	-0.7940049	0.07660824	-0.43569928	0.54532677	-0.45785788	-0.65801066	-0.49821922	0.31907928	-0.75363487
-0.8459916	-0.44675654	-0.96126264	-0.8506959	-0.7232888	0.16430193	2.135567	0.40697682	-0.95679	-0.84103143	-0.73245287	0.37167954	-0.7993274	-0.6652276	-0.8270774	-0.80155486
-0.8661623	0.085752845	-0.91678464	0.12704933	-0.65456676	0.43109858	-0.9297949	-0.8565491	-0.6509846	-0.7720757	-0.82924426	-1.0584203	0.064178705	-0.48171854	-0.7726863	0.63520116
-0.9000313	0.07131493	0.79029715	0.025154889	-0.647033	-0.69583887	-0.92634934	0.05877912	-0.8130907	0.0649004	0.43732232	0.09776616	-0.7415352	-0.70982414	-0.6737133	0.08106959
0.11483133	-0.8563857	0.21175945	-0.84582466	0.080705404	-0.8731364	-0.004084885	-0.83994645	-0.8772153	-0.82980174	-0.7946606	0.095229745	-0.6243036	0.09313613	-0.52239	-0.79565156
1.3388487	0.62197435	-0.92484325	-0.8521462	-0.6586809	0.9600167	-0.9235345	-0.82808805	-0.5805167	0.3619094	-0.8445487	0.1827259	-0.75920546	-0.72367126	0.4922793	-0.7987521
0.55272436	0.23037034	-0.9385794	-0.44038323	0.113382995	1.531221	-0.896296	-0.8214749	0.31632984	-0.8484424	-0.7884368	-1.0411528	-0.71690255	-0.72226214	-0.8143527	0.10844082
-0.90638757	-0.87374806	-0.9279286	-0.8559674	-0.7067914	-0.87164694	-0.94217503	-0.8443168	0.49699247	-0.8361141	-0.8251256	-1.068305	-0.833286	-0.71528083	-0.8560884	-0.8288625
-0.89904255	0.15323472	-0.91299325	-0.8315615	-0.58442354	1.4339525	-0.9297958	-0.7874173	-0.8731375	-0.9057789	-0.86202973	-1.088344	1.2624019	-0.6928566	-0.5118592	0.25903994
-0.7561241	2.1016788	0.5609392	-0.83917826	-0.7021627	-0.8683287	-0.8958934	-0.62302655	-0.5111661	0.06609547	0.22347707	0.35373867	-0.77884716	0.28124505	-0.8153142	-0.26761281
-0.8629248	-0.8587287	0.8820971	-0.51681983	-0.3684348	0.445624	-0.93231595	-0.85333544	-0.7646872	-0.94548416	0.42361957	0.6113796	-0.76367253	-0.6847177	-0.7532803	0.075362325
-0.9192812	-0.4278015	-0.85106474	0.13025004	-0.61182183	0.28643727	0.08769643	-0.63216305	0.32735205	0.06388402	-0.5788883	-0.07410264	0.11742443	-0.7150423	-0.76142037	-0.7985607
-0.9228642	-0.19411784	0.09832466	-0.73571044	0.054921627	0.12933499	0.050222456	-0.82897353	-0.5523717	0.056915402	0.091427386	-0.84075296	-0.78471696	0.05604458	-0.8767903	-0.7882187
-0.84799314	0.07436752	0.20314062	-0.82416403	0.053996444	-0.8713109	-1.0313091	-0.7823868	-0.89757395	-0.88685626	0.4576916	-1.0912561	-0.83168846	-0.7363878	-0.8674016	0.56577414
-0.83590573	-0.08995032	-0.65100163	-0.6654141	0.089484096	0.035268486	0.0772115	0.05190462	0.1146639	-0.8075514	-0.82741225	0.38380575	-0.7591311	-0.64756703	-0.77465373	0.2697956
-0.8810362	-0.8934726	-0.9333079	-0.8543467	0.116576135	0.33942175	0.08699614	0.07165581	-0.89062315	0.06151867	-0.08923447	0.13651681	0.23067689	-0.7491078	-0.8548053	-0.822633
-0.86643726	-0.7959926	0.23509085	0.26082587	-0.603769	0.18638217	-0.8199448	0.7410749	1.6136868	-0.8531726	-0.8566211	-1.0282819	-0.75797534	-0.6837645	-0.44294065	-0.77438295
-0.88408726	-0.8927037	-0.9627417	-0.75689054	-0.7222626	-0.8489646	-0.9608716	-0.8460711	-0.88485914	-0.7880797	-0.78371	-1.076621	-0.8020987	-0.73292863	-0.8165817	-0.806766
0.11208475	-0.8649282	0.060314655	0.041953802	-0.40361476	0.6333431	-0.9014304	0.25216866	-0.5613104	-0.83820057	0.3548172	-1.0415119	0.14742178	-0.7046314	-0.81814426	-0.8036173
-0.85624284	-0.83508015	-0.9270906	-0.8492793	-0.5829516	0.22093672	-0.91043496	-0.8244737	-0.85519665	-0.865754	-0.8679031	-1.0668454	0.0995397	-0.67017365	-0.4262319	-0.78434324
-0.890597	-0.62408006	0.29320335	0.07917851	-0.5662759	-0.8781216	-0.90852755	0.22746754	-0.8957885	-0.89497757	0.34996003	-1.0772321	-0.4707861	-0.6710446	-0.78700924	0.95601946
-0.8568272	-0.35306993	-0.93672746	0.1523987	-0.5631819	1.0755715	0.3343851	-0.03954023	-0.41317675	-0.84494305	-0.7945349	0.11815381	0.08854252	-0.7358355	-0.813419	-0.7833934
0.3446957	0.16121376	-0.92120486	-0.68632746	0.103007495	-0.6310982	-0.9755789	-0.46391508	-0.97109234	-0.73646075	-0.89603424	-1.0588306	0.31097066	-0.7516214	-0.79264	0.4658566
-0.45479086	-0.9034203	0.15098882	-0.354502	-0.68949264	0.09714657	-0.8956599	0.08894384	0.28248775	0.06886649	-0.7857634	0.05941558	-0.76108956	0.04471296	-0.59605914	-0.69899505
-0.90329534	0.29881322	0.2779597	-0.8406027	0.10897845	-0.854928	-0.99197704	-0.7884074	-0.86189735	-0.9004113	-0.8008547	-1.046128	-0.3015846	-0.7113655	-0.7693989	-0.81452036
0.57216275	0.14601588	-0.9236838	0.067707956	-0.053785563	-0.8503037	-0.8766326	-0.8012012	-0.87795186	-0.8202393	0.20852059	-0.038523972	-0.76663095	1.4846911	0.3370725	-0.3775502
-0.7606439	-0.13381088	0.42805862	-0.47956747	0.13761467	-0.8270444	0.27475065	0.12204397	-0.8195625	-0.6911988	0.30034834	-0.89990556	0.17049497	0.65889376	-0.52616954	-0.47253668
-0.9179828	-0.3575614	0.103193104	0.13184911	0.087287486	-0.8448931	0.094870925	-0.6983193	-0.8631005	-0.7586302	-0.7870113	-0.77992547	-0.67622066	0.40955752	-0.8488791	0.5374741
0.053906024	-0.8745448	-0.9428873	-0.8472319	0.32731116	-0.8855407	-0.9180295	-0.85694057	-0.3364085	-0.89742404	-0.8950499	0.22867191	-0.7365563	-0.7585619	0.037216723	0.2921353
0.22355413	-0.8030776	-0.5892538	-0.8617797	0.10542613	0.3289461	-0.92343765	-0.1506257	-0.80481887	-0.6617805	0.15855116	-0.98288894	-0.7642673	-0.7256551	0.12563938	0.5001889
-0.86574125	-0.18761045	0.1739353	0.20766753	-0.31211525	-0.3428084	0.044468045	-0.8344191	-0.86717	-0.83737123	-0.7800443	-0.9627489	-0.6748191	0.47326154	-0.6806975	0.12642491
-0.83693695	0.41087198	0.23540783	-0.7776007	0.08985299	-0.64064753	-0.72913295	-0.7448407	-0.8512637	-0.49434298	0.1897521	0.49114192	1.2861114	-0.6457043	-0.25561914	-0.04046738
-0.90905523	0.1077953	0.012089133	-0.8366116	-0.6970408	-0.8491541	-0.98691297	0.59192467	0.09662092	-0.84658813	0.2752207	0.29935944	0.027294457	-0.71235776	-0.8238609	-0.80118203
-0.6595361	-0.79190046	-0.97730505	-0.44673422	0.040716946	0.32250798	-0.853231	-0.8278095	0.6766535	-0.83827734	0.08009684	0.16409528	-0.7615075	-0.6759657	0.06519425	-0.20451549
0.6294893	-0.8640611	-0.9223918	0.09473646	-0.77097106	0.5541668	0.20087785	-0.5897745	-0.831635	-0.8643496	-0.8703445	-0.9866176	-0.7587667	-0.7364221	-0.7908055	-0.78750056
-0.8897328	0.21605343	-0.8972628	-0.82646316	-0.46872663	-0.7649946	0.34591252	-0.74086595	-0.26950836	0.14810258	0.3866157	-1.0169897	0.02783829	1.2224636	0.7245754	-0.7977357
-0.86729586	0.6277125	0.24620259	-0.82733816	0.102347374	-0.82057893	-0.92214096	0.4691609	0.23104477	-0.8488904	-0.82199687	-0.9731345	-0.5327975	-0.6924033	-0.8237129	-0.6759841
0.72068644	-0.8322195	-0.93685704	0.3167444	-0.21493345	0.15242785	-0.9619388	0.2319457	-0.8293798	0.18517989	-0.8863924	0.64477503	-0.7647156	0.3917758	0.19548237	-0.7961981
-0.9055857	-0.88057613	2.6077952	1.1013608	1.0124073	0.148682	-0.8019976	-0.8301729	0.5464426	-0.86457896	-0.8759958	-1.0926043	0.2871225	-0.7347891	-0.80272716	-0.7987149
0.13319886	1.0706408	-0.7402396	1.390693	-0.3940875	-0.82242817	0.2953052	0.12277597	-0.88843906	-0.6492712	-0.55476624	-1.0389602	-0.69984347	-0.6449487	-0.81321573	-0.78525496
0.6239778	-0.8494263	-0.90746105	-0.2376532	-0.2431666	0.1283387	0.18829376	-0.6089146	0.15747434	-0.7989318	-0.84752613	-1.0726955	0.5950767	-0.6600872	0.89678323	-0.7843193
0.89962995	0.16631722	0.15293515	0.17450923	-0.4642607	0.12391794	0.3829413	-0.7497413	0.25435948	-0.7844996	-0.54466206	-0.82770574	0.72776735	-0.63722676	-0.5305635	-0.73342633
0.42470098	-0.7427461	-0.6191082	-0.8255619	-0.7067075	-0.8281933	-0.88602304	0.2089147	0.29087162	-0.7588649	-0.8020085	0.33453357	-0.85896814	-0.68192583	-0.7004484	0.299994
-0.8437459	-0.87084466	-0.7834283	0.5969395	-0.50098306	-0.87167454	0.15573388	-0.84339535	-0.8458038	-0.8405023	-0.79228145	0.09802437	-0.78748405	-0.7079496	-0.17881745	-0.80572885
0.13339084	-0.4362105	-0.8628697	-0.6797622	0.24298638	0.14392924	0.7080477	-0.1442321	-0.92191344	-0.8776011	-0.81720334	1.0061077	-0.70538795	0.45311838	-0.6541845	-0.77122295
-0.58549297	-0.66961193	-0.89642763	-0.84985465	-0.5315901	-0.7575512	-0.85320866	0.14918584	0.115725696	-0.88147026	0.18119466	0.16006196	0.41266882	-0.72852856	-0.136338	0.39939088
-0.8026655	-0.84165126	-0.92230904	0.7808102	-0.052245438	-0.7391196	-0.75120735	0.24298745	-0.9129091	-0.80527174	-0.87274414	-1.040201	-0.403074	-0.638218	1.0829978	0.15669656
-0.89628243	-0.8730979	-0.98518336	2.5629392	1.9434528	-0.8819432	-0.919163	-0.81026983	-0.9706605	0.15203625	-0.8706474	1.7033936	-0.7565726	0.3388558	-0.7943413	0.6004843
-0.21066558	0.35838962	-0.8526409	-0.52991885	-0.6325985	0.121493995	0.3905235	0.8653425	-0.6663593	-0.73320484	-0.7681063	-0.9898887	0.21927088	-0.36419004	-0.26056695	0.3012659
-0.90893614	0.29384792	-0.9001924	-0.80924696	-0.574584	-0.83339864	-0.89085513	-0.7678605	0.21084726	-0.19468397	0.07642996	-1.0896902	-0.8227415	0.19307661	0.075642884	-0.41497573
-0.4054056	-0.84545344	-0.9394444	-0.8536712	-0.6588465	-0.86838853	-0.97563016	-0.81406695	0.10941076	0.38561308	-0.63989866	-1.0534439	-0.78148353	-0.68951076	-0.8097193	2.1848345
-0.6115788	-0.82769734	-0.9190295	-0.81884533	-0.6546225	-0.73507494	-0.9711627	-0.5080542	0.038843274	-0.8519409	-0.66651094	-1.0997946	-0.77824724	1.8413486	-0.7812882	-0.78170276
-0.868037	-0.84357923	0.11984056	-0.83677137	-0.7338522	-0.8764591	-0.6699096	-0.46976703	0.068125844	-0.8857374	-0.88768935	-1.0462494	-0.78989387	0.07011843	-0.8358197	-0.7604065
-0.85464466	-0.81108326	0.11463696	-0.7733392	-0.45819703	0.12201607	-0.986275	1.0203215	0.45098937	-0.8435852	0.49585813	-0.9923882	-0.80982745	-0.7306785	-0.14558637	-0.807716
-0.5695	0.25084293	-0.8551301	0.2402361	-0.5861279	0.8475436	-0.8882021	-0.80810726	0.19940841	0.35389137	-0.35275927	-0.9612275	-0.7606013	0.18971503	-0.77425265	-0.618508
-0.87279385	-0.3680939	-0.935781	-0.76051253	-0.6390931	-0.8415333	-0.9061952	0.9856037	-0.87417406	-0.7547081	0.383591	-1.0646398	-0.6025304	-0.7034579	-0.8689754	2.1736312
-0.9151692	-0.9087598	0.012856901	-0.88237983	0.014806986	-0.80409974	-0.96985245	-0.8437092	0.056842864	0.05759549	-0.78435785	-1.091536	0.062399745	-0.77646184	0.100611806	0.10697061
-0.86984426	-0.40745246	-0.7717045	-0.7446842	-0.5917729	-0.51313394	-0.71708	-0.29889086	0.24198258	0.8650347	0.23790067	0.13141334	0.09645069	0.20975965	0.5546148	0.53811795
-0.86616826	-0.86369354	-0.94717366	0.38340133	-0.64845264	0.05173689	-0.92441034	0.5454459	1.1180388	-0.808619	-0.81081307	0.15426016	0.06307572	0.0738436	-0.81018174	-0.062392414
-0.86476064	1.1716411	-0.8555453	0.4572658	0.06693798	-0.5790117	0.51936513	-0.8252591	-0.7322887	0.23198557	-0.6260175	-1.035349	0.21533835	0.27054077	0.066871405	-0.050857663
-0.8820149	1.039112	-0.9221045	0.37320322	-0.6406911	-0.8373796	0.11924821	-0.85425985	1.0134667	-0.8333966	-0.8647654	-0.23311067	-0.61143774	-0.71087176	-0.7746317	-0.815277
-0.82007885	-0.8571726	-0.9806522	-0.8453262	-0.63954073	-0.27323896	-0.90213084	-0.77577865	0.2401557	-0.8796771	-0.88942826	-1.1101356	0.21979922	-0.70116353	0.15955782	-0.77425534
0.072868824	-0.8582249	0.37259364	-0.28623214	-0.7082162	0.47168875	-0.9103763	-0.87005585	0.77093565	-0.87081003	-0.80645233	-1.0872514	-0.7822603	-0.7114055	-0.2765272	-0.7802194
0.18122822	-0.8795389	-0.9163463	-0.8673997	-0.7125513	0.30662394	-0.920374	-0.06112224	-0.86535335	-0.22860855	-0.392729	-1.0220172	-0.74716896	-0.6682815	0.29567945	0.1515572
-0.87643605	0.33079076	-0.9768765	1.4808214	1.3132885	0.07888037	-0.94092184	0.54676366	-0.8481345	1.0710117	-0.7806247	-1.1006287	0.11872804	0.4107378	-0.8025115	-0.7875206
0.24722004	-0.8577113	-0.95883745	-0.65825784	-0.63534147	-0.8449544	0.07248175	-0.8444042	-0.9174489	-0.8424467	-0.8607209	2.336021	-0.73573536	-0.7374847	-0.8377914	-0.77324647
-0.88348496	-0.8115359	-0.9547862	0.15443766	-0.71660626	-0.85937977	-0.97389305	-0.8189281	-0.958149	-0.90231115	-0.78103554	-1.0999585	-0.7646669	-0.6912953	-0.7856206	-0.8262024
-0.7603789	-0.7481883	0.71770823	-0.48558006	-0.5058303	1.0525699	-0.86770463	0.1759597	-0.60882044	-0.89453393	1.0231051	0.2591828	-0.72282726	-0.6920185	-0.14808917	-0.5267799
-0.8957732	-0.8648366	-0.92383707	-0.79166746	0.11458832	0.2207582	0.14810234	0.3783151	-0.73493624	-0.4367739	0.22212756	-0.9903374	0.45892477	-0.7305057	0.087219775	-0.80207384
-0.8536199	-0.8319776	0.045901597	0.15794426	-0.61154276	0.38887203	-0.81905186	0.31104338	0.7730533	0.4713863	-0.8030807	-0.68960214	-0.5605065	-0.59797305	-0.56521785	0.64891726
0.060683608	-0.19188625	-0.4169169	-0.07521474	0.13721836	0.07315701	-0.9806732	-0.85290515	-0.9004154	0.14026165	-0.8382128	-1.1154099	-0.7925935	-0.72460574	-0.82198554	-0.80398285
0.016715646	0.7681767	-0.9180688	1.0669129	0.15651852	0.18656754	-0.92067647	0.25933462	-0.8734842	1.0115031	1.4445212	-1.0730044	-0.7630409	-0.7260045	-0.7802018	-0.80125314
-0.5790345	-0.868435	-0.95639175	-0.82378906	-0.66135514	-0.84634656	0.5613006	0.9402375	-0.73065764	-0.8476996	0.1316576	-0.7188762	-0.78194296	-0.6529796	-0.7275072	-0.81576204
0.10968727	-0.8168093	0.14509416	0.209952	-0.6744784	-0.7985983	0.077052	-0.83807886	-0.47839406	-0.68924993	-0.25467843	0.17809558	-0.76836133	0.04723257	-0.6688789	-0.5312683
0.09811902	0.30537522	-0.94759977	-0.8542953	-0.659279	0.14042002	-0.4466678	-0.9204559	0.13664019	1.2989589	-0.8642488	-1.1111606	-0.72065943	-0.72918963	0.32471693	-0.117443144
-0.9164909	0.24508429	-0.9274127	0.03363055	0.088947415	1.952804	-0.96807736	-0.80754364	0.4230231	-0.88803935	-0.7747457	-1.0680804	-0.66353136	-0.5429263	-0.7627567	-0.8055128
-0.893738	-0.87419057	-0.95997787	0.55098265	1.8520863	1.1534767	-0.9735213	-0.84027267	-0.83037907	-0.83000124	-0.81534666	-1.0551227	0.3862636	-0.71484345	0.21793634	-0.7983147
-0.8831837	0.086939454	-0.93409026	-0.826218	-0.18813354	0.59611666	0.22352833	0.56121314	0.16300619	-0.7707308	-0.8357402	0.11843538	-0.48519108	-0.7433289	-0.8118013	-0.78599894
-0.73255026	0.13508922	0.047013402	-0.7484706	0.032207668	-0.84532076	-0.92887306	-0.0984962	-0.8830095	-0.8338875	-0.8089908	-1.0514102	-0.64635503	0.37161	-0.78000677	0.08862382
1.2328705	1.3189075	-0.9664715	-0.87352407	-0.25853723	0.5276325	-0.93224907	-0.8664652	1.2596579	-0.8543858	-0.8573739	-1.0592103	-0.84887373	0.3118912	1.6410948	-0.39733976
-0.86356986	-0.8351889	-0.9053906	-0.8416768	-0.69830704	-0.8465386	-0.8850603	-0.8239096	0.078054726	-0.90207124	-0.83554083	0.07914996	-0.80496955	-0.6934398	-0.77601063	-0.78259695
0.20447856	1.2662578	0.39430594	-0.8478402	-0.7239884	-0.8663703	-0.79480064	-0.7790534	-0.88975245	-0.75800145	-0.78212434	-1.0103716	0.27049524	0.47529525	-0.81434697	1.8184531
-0.90075904	-0.8794041	-0.937736	-0.84443885	-0.70933485	-0.8626464	-1.003809	-0.8563437	-0.8734936	0.18712127	-0.8312542	-1.0772892	-0.7626093	-0.735168	-0.8120041	-0.8080707
-0.8930352	-0.8730517	-0.9800751	-0.83354473	0.11891252	0.8234211	-1.0117228	0.44110978	-0.89493906	-0.92642	-0.89011514	-1.0617591	-0.80893767	-0.709687	0.14074308	-0.7877668
-0.8572145	-0.84199005	0.22574866	0.116368294	-0.6174426	-0.24678943	-0.97117937	0.5216341	-0.9013431	1.025992	-0.8745217	-0.7567784	-0.7218358	-0.7317066	-0.76642066	-0.812873
1.9896587	-0.8455018	-0.94112617	-0.85030013	0.037947178	-0.8630132	-0.8091969	-0.8523189	-0.7683511	-0.75774705	-0.8027834	-1.0761157	-0.79318523	-0.71539795	-0.79948115	-0.7852381
-0.63342834	0.42032325	-0.92561847	0.14132065	0.10212827	0.24739778	0.15178508	0.27358377	0.21661413	-0.1365127	-0.44292977	-1.0664724	-0.79949373	0.3172099	-0.1730308	-0.6815152
-0.8819388	0.22241569	-0.90906054	-0.82462215	-0.5989431	-0.8407485	0.16940504	-0.79802644	0.11328894	0.3495766	-0.8708027	-1.08122	-0.7937058	-0.6778784	0.34238458	1.4038973
-0.85028243	0.4635768	0.38308406	-0.873726	-0.46535987	-0.8519972	-0.9485047	-0.8505883	0.20149714	-0.5949844	-0.8616205	-1.0818808	-0.76787305	0.09903443	-0.7598416	-0.78687876
-0.8158846	-0.51982063	-0.8207034	-0.57013756	-0.6834207	0.071651995	-0.91534835	-0.8606166	0.06335074	0.08599478	-0.7932286	1.2497159	0.185422	-0.70109475	0.11644459	0.08995724
-0.8047666	-0.45432577	0.16480732	-0.6598981	-0.73972726	0.2984866	-0.9801112	-0.7695291	0.3023944	-0.8770314	-0.8269993	0.29010344	-0.7596128	-0.7166957	0.11464059	-0.4654723
-0.7248399	-0.59239626	0.2548648	0.0060506463	-0.60946196	0.512105	-0.23734671	-0.57898897	0.35897934	0.24493968	-0.62312937	-0.09294039	-0.74239826	0.25644433	-0.5565658	-0.5481536
0.06868589	0.55198264	-0.9496107	0.1958155	-0.28456602	0.12748164	-0.905771	-0.90050876	-0.89664286	0.7142422	-0.8809719	0.13247669	-0.6413488	1.7490869	-0.8384636	0.10170758
0.18270087	0.20902216	-0.9603097	-0.28043845	0.6681358	-0.85991347	-0.62451136	0.34506452	-0.793577	-0.8484124	0.07894486	-1.0482717	-0.73804295	0.05913472	-0.8250241	0.08175731
0.07337725	0.049498677	-0.9497879	0.16302365	-0.6716144	-0.86246765	0.2177189	-0.84860194	-0.10860115	-0.8356056	0.1830101	-1.0317279	-0.8567023	-0.7107849	-0.9008264	-0.8070834
-0.9061951	0.37665594	-0.9448328	0.19519866	-0.4682239	-0.2346988	-0.92209184	-0.36571842	-0.8588347	-0.7498079	0.48745817	0.1953727	-0.7352597	0.59002775	0.18062615	-0.79181606
-0.87358046	-0.8236339	0.47459757	0.014066458	0.40963858	-0.8679434	-0.9393804	0.6838794	-0.89764136	-0.7664844	0.37037843	-1.0870813	-0.7619718	0.09488797	-0.8307352	0.17027497
-0.88844955	0.093787074	-0.95348644	-0.8562756	-0.65968966	-0.84875345	0.13259351	0.13748991	0.07920736	0.023804247	0.12630641	0.12124801	-0.7449027	-0.6935876	-0.83085734	-0.6112859
-0.79178655	-0.87475055	-0.973794	-0.8199551	-0.6882977	0.5141039	-0.97665226	1.0249556	0.70227027	-0.90269583	-0.86182946	-1.0440414	-0.7793047	-0.6880735	-0.8222219	-0.82668376
0.14525217	-0.8814523	0.15750152	0.3585791	-0.19704637	-0.87999505	-0.9148806	-0.8538319	-0.8788159	-0.86835176	0.14838445	-0.6889081	0.06889647	-0.66408026	-0.39805663	-0.82711774
0.23632193	-0.80213046	-0.64502484	-0.6404735	-0.54967546	-0.12728316	0.08739233	-0.7906851	-0.85877675	-0.8428239	-0.7991348	-0.45842886	0.88736296	0.16325325	-0.8209695	-0.6209653
-0.8940746	-0.8629409	-0.9931817	-0.087495565	1.0979695	-0.84743357	-0.9026523	0.070875585	0.022965848	-0.65102583	-0.8580864	-1.0630872	-0.81785387	-0.6999063	-0.7959875	0.29080373
1.4830998	-0.89393276	-0.9358098	-0.8392826	-0.6048382	-0.84149534	-0.92641336	-0.66483665	0.7303659	0.826761	-0.2393204	-1.0802592	-0.75742334	0.22176331	-0.7432528	-0.78290087
-0.9055874	-0.29315493	1.1064432	-0.66861075	0.12746471	-0.8508785	-0.90912974	-0.79752815	-0.86343086	0.090399146	0.4234168	-1.022303	0.1127826	0.67315525	0.13758713	-0.7776937
-0.88146484	0.4985273	-0.9323773	-0.86426586	-0.64497364	-0.8424898	0.15917355	0.6291584	-0.8855217	-0.8029207	-0.8699914	-1.0611432	-0.77727383	-0.71057826	0.27509654	-0.79080975
-0.9143258	-0.8894312	0.39587986	-0.5646435	0.31951743	0.17291397	-0.9121951	-0.83959556	-0.8641513	-0.90135676	0.15569961	-1.0971076	0.7043867	0.5518879	0.17086357	-0.80120945
0.07188028	-0.8811011	-0.88446647	0.11595482	-0.6422671	0.44861507	-0.8756262	-0.7531613	-0.9100527	-0.68201387	-0.82439667	-1.0317668	0.48549724	0.0847221	-0.78374183	0.2746637
-0.9124554	-0.85390973	-0.9145832	-0.83291066	0.584933	-0.7597701	-0.90634096	0.1190837	-0.90543616	-0.85334337	-0.8659841	-0.00861311	-0.75595963	-0.7153629	-0.77380097	-0.80781037
-0.86641705	-0.8778448	-0.9347099	-0.6540863	-0.1889267	0.17310953	0.70940787	-0.83889663	-0.64635676	0.14434797	0.29249245	0.1228863	0.9316932	-0.6904217	-0.68315613	-0.7919545
-0.8718037	0.17846882	-0.87116486	-0.6541558	0.13348943	-0.20566285	-0.9052651	-0.8560376	-0.7507302	-0.7919694	-0.7898041	-1.0255197	1.6728618	-0.5388198	-0.8598677	0.16646248
-0.8968352	-0.83009595	-0.9411337	-0.8224447	1.3372967	-0.85190606	0.17383128	1.3754961	0.36665118	0.10203159	-0.7880876	-1.0929936	-0.7643523	-0.7245627	0.52152085	-0.8100046
0.15498197	0.30908263	-0.9067397	0.5038362	0.060722828	-0.73093927	-0.8866463	-0.2638109	-0.8864604	-0.49214324	0.33132583	-1.0275078	-0.759908	-0.72926235	-0.80049443	0.5428329
-0.9119891	-0.87895006	0.5373881	-0.8552495	0.9933191	-0.8728237	-0.9207526	0.06985849	-0.9632971	-0.8904572	-0.8654122	-1.1161691	0.1354903	-0.721818	-0.8288932	1.330368
-0.80949545	0.4196993	0.078347564	-0.75764114	0.48311657	-0.45057985	-0.93982995	0.13626951	0.10907787	-0.88882774	-0.6091681	-1.0325456	0.1357814	0.93124074	-0.64684856	0.19589669
-0.8121471	-0.8683897	0.2295934	-0.84658843	-0.6602535	-0.8379703	-1.0092918	0.1210438	0.13087255	-0.7232839	-0.87028193	0.35955238	-0.7767388	-0.72472954	-0.36900726	0.32245177
-0.80781317	0.712029	0.4776609	0.12568486	0.038908243	-0.8414718	-0.8918297	-0.73606867	1.0196977	-0.88505036	-0.8634926	-0.62166405	-0.7713333	-0.76326257	-0.8061291	-0.78037804
-0.53060293	0.13771099	-0.28685546	0.6663477	-0.4051684	0.34336758	-0.9458052	-0.8219883	0.28336918	-0.6189198	0.20331073	0.13594472	-0.66125673	-0.69332445	-0.7689415	-0.7570875
0.5389885	0.0842942	-0.92620015	0.113994	-0.72088957	0.16737705	-0.9703425	-0.8446787	0.08815074	-0.42892554	-0.7411848	-1.0611179	0.11017418	-0.79778665	0.08033204	0.057180762
-0.88482726	-0.8040143	-0.8799742	0.21534151	0.08442259	0.23138255	-0.9327795	-0.04554516	0.24849653	-0.8583661	-0.78504217	-0.7310059	-0.7721654	-0.43738666	0.6175333	-0.7770883
-0.887866	-0.86926436	-0.2510689	-0.8274828	-0.6513071	-0.8423491	-0.90919596	0.15103394	1.3592036	-0.70429116	0.15437901	-1.0148982	-0.5706707	-0.6081028	-0.85069716	-0.81526715
-0.84511095	-0.7785731	0.67545545	0.21359384	-0.24838123	0.09196669	-0.8792204	0.50709486	-0.25426203	0.44040596	-0.76048815	-0.83267224	-0.6465786	-0.54999065	-0.7862912	1.2224603
0.39455628	-0.7407895	-0.66671216	-0.8217088	-0.691424	-0.58116996	-0.6997211	-0.8468397	-0.9188035	-0.7992838	-0.8412953	0.23979568	-0.7853185	-0.73291075	0.27656353	0.47430545
-0.86801744	-0.8722685	-0.9608464	-0.21203297	1.2487597	-0.8565452	-0.97566354	-0.8499065	0.09602916	-0.75688744	-0.85741097	0.1060251	-0.76891166	-0.70054466	-0.8055348	0.15844595
-0.28422797	-0.15078062	0.177832	-0.7376457	1.1382377	0.1473651	-0.15810728	-0.7632971	0.08374584	-0.6745513	0.47543687	0.40505672	-0.37854743	-0.74980414	-0.8381295	-0.7782996
0.9818573	-0.8477288	0.3609302	-0.61190045	-0.64124674	-0.8111408	0.1160211	1.3231153	-0.9086408	-0.5348598	-0.5288516	-0.75812423	-0.7458642	-0.73444104	-0.115658104	-0.7841341
-0.8562688	-0.8422806	-0.9275254	-0.22626951	-0.66793823	0.2788936	-0.9156337	0.44689608	-0.8116128	-0.6552202	0.88279873	-0.92204654	-0.8188567	-0.7215267	-0.82047915	-0.7703745
-0.8121719	1.157321	-0.92907226	0.26767117	-0.6623504	1.1748518	-0.9420154	-0.8633034	-0.8958256	0.12464911	-0.47381195	-1.0973685	-0.7747841	0.2143346	-0.820038	-0.78848195
0.38527477	0.14261943	-0.9280045	-0.6019878	-0.6904931	0.13572603	-0.9064825	0.14893562	-0.51826394	-0.86462593	0.38596374	-0.855644	-0.79787827	-0.64120346	0.17373222	-0.637553
1.2622722	0.05975753	-0.91262984	0.058356583	-0.6789176	-0.3858859	0.26083535	-0.8327114	-0.75312847	-0.75892687	-0.85776937	-1.0072163	-0.6531732	-0.76705676	0.082855046	-0.69988674
-0.72261363	-0.8178704	-0.953876	-0.84195566	-0.7282248	0.13530618	-0.3722043	-0.86291087	-0.44979197	-0.8613645	-0.8706257	-1.088285	-0.67328405	-0.7420207	-0.81007504	-0.81239325
-0.8019266	-0.83962524	0.7536204	0.067176044	0.19604188	0.20997882	-0.7804179	-0.67549056	-0.562218	-0.7904558	-0.79203874	-0.9246009	-0.76683855	-0.70776814	0.63022006	-0.7739314
-0.62298137	-0.8653059	0.42789292	-0.81920445	0.5128222	0.06260979	0.32083124	-0.7133306	-0.826396	-0.81598026	-0.5794129	-0.2959658	-0.82685554	0.7208465	-0.7300992	0.38087028
-0.57714397	0.22635639	-0.95541143	-0.17307502	0.09093094	-0.8775102	0.254085	0.046602607	0.07573712	0.16398913	-0.78911346	-1.0552197	-0.7061637	-0.7205356	0.11104065	0.36199623
-0.4080352	-0.8205484	-0.96836406	-0.82433605	1.7784965	0.08763623	0.17844683	-0.8219302	-0.78469294	-0.6536798	0.46193212	0.17544484	-0.7779399	-0.6885758	-0.8317003	-0.7854979
-0.8890104	-0.88291454	-0.40759212	1.051043	-0.6575936	-0.8746256	-0.9711772	-0.85064876	1.3812938	-0.15879732	0.2443102	0.8571838	-0.77820474	-0.7171471	-0.8374691	-0.78878015
-0.90509313	-0.8523874	-0.932581	1.0735128	1.1285973	-0.8563355	-0.9589392	0.36046553	0.07379031	-0.8666458	-0.7864914	-1.0900304	0.21649104	0.77776617	-0.8318668	-0.80534714
0.84577036	-0.5985747	-0.85563105	0.3023594	-0.6251706	0.1859653	0.064130425	-0.7497229	0.36062586	-0.7518412	-0.76612693	-0.96818674	-0.6140197	0.10600847	-0.8010015	-0.33965936
-0.8541826	0.46110332	-0.9451992	-0.87262285	0.38820696	-0.09663677	-0.9449408	-0.84579414	1.7514977	-0.91446245	-0.79566914	-1.0330912	0.3051157	2.391844	-0.8225182	-0.24829516
-0.85256946	0.16191816	-0.98255795	-0.8227571	0.11527306	-0.5694567	-0.91923994	0.022705555	0.08799958	-0.85982627	0.20995378	-1.0125554	-0.8758747	-0.7455563	-0.85194874	-0.3969704
-0.8656381	-0.8316345	0.32282805	-0.40889403	-0.62057763	-0.69624203	0.17363423	0.8439987	-0.8599342	-0.72665745	-0.6617289	0.69399226	-0.7502611	0.048132837	0.34566545	-0.7929402
-0.8615335	-0.50668085	0.25308132	-0.8320433	1.4181075	0.09325069	-0.91337276	-0.83053493	-0.8921037	-0.8059451	-0.7831147	-1.0458536	-0.7714282	0.40394348	-0.2784522	-0.7980525
-0.8923587	-0.8143065	-0.9301852	-0.8556316	-0.13302001	-0.84960395	1.1996186	-0.7397475	-0.7985607	0.08728516	-0.80431974	-1.0140014	0.039835155	0.4959671	0.77745795	-0.08798635
-0.8878135	-0.72464925	-0.8237124	-0.78231686	-0.5764807	0.4709623	-0.93280596	0.054117322	-0.91648644	-0.8603729	0.109824896	-0.9900193	-0.73890847	-0.69401276	0.41595018	0.8762265
-0.8146996	-0.84512705	0.72238576	0.108359754	0.6576151	-0.7329036	-0.93874705	-0.85285	-0.8056027	-0.89578915	0.5056426	-1.1060869	-0.86602056	-0.7409274	0.15606338	-0.8011759
-0.8992573	-0.86425835	-0.9527728	-0.8364157	0.51324123	-0.8534082	-0.9207947	-0.8687218	-0.873682	-0.8424237	-0.8810504	-0.99248934	-0.7774722	-0.70461905	1.9594225	-0.8022922
1.0509868	-0.8855075	-0.9439953	-0.85604846	-0.7115685	-0.31934792	-0.9283612	-0.769884	-0.91056883	-0.8590864	-0.8472649	-1.0388825	-0.81715757	-0.7138866	-0.84928626	-0.8024667
-0.85821265	0.10713184	0.07200563	0.14924991	-0.7204836	0.053215265	-0.96553266	-0.82962096	-0.6314965	-0.8467232	-0.77893025	0.36069465	-0.78331345	-0.034419894	0.6451386	-0.8124325
-0.07703221	-0.8418911	-0.9043422	2.115098	-0.52969503	-0.8564347	0.8532768	-0.57614636	-0.8717267	-0.77446586	-0.83022827	-1.017211	-0.7676644	-0.72652847	-0.78367096	0.064220846
-0.88872474	-0.860113	0.10319644	-0.22082788	-0.4130073	-0.8486207	-0.99012554	-0.84748924	-0.90890867	-0.6020938	-0.83350194	-1.0422592	0.013391912	-0.68825006	-0.80260545	-0.7781939
-0.8601345	0.42924416	-0.9536204	0.27760035	0.06727064	0.07809162	-0.91360044	-0.7012684	-0.836827	-0.8825487	0.2268663	-0.75264674	0.11662692	-0.6989509	-0.79550236	1.0501535
-0.84633857	-0.7079249	-0.9189019	-0.7227959	0.25251698	1.1340723	0.2607469	0.39773858	0.03922224	-0.48126873	0.88148266	-0.8957471	0.85275483	-0.675877	-0.18727708	-0.75757176
-0.88343394	-0.88553524	-0.95511925	-0.21669543	0.0992825	0.18781018	-0.9380237	-0.8411193	0.17056632	-0.8894564	-0.85799056	-1.0751729	-0.8014713	0.08503133	-0.78160614	-0.53648263
0.12370759	-0.8532868	-0.9268247	-0.26309583	0.21494412	0.8527789	0.36521572	-0.044226825	-0.4064091	0.19842249	-0.59713185	-0.8557576	0.843567	-0.6738269	-0.5752018	-0.7878293
0.60728204	0.15199286	-0.056123972	0.66230494	0.48664182	0.17121911	-0.9121877	-0.7856405	-0.9060395	0.81711435	0.09727901	-0.6435837	0.2921934	-0.6950243	-0.56501013	-0.8235797
0.8984722	-0.8382878	0.68853796	-0.5521039	-0.49720183	-0.86308825	0.40256792	1.1645883	-0.8998548	0.6356201	0.9714115	-0.67395175	0.43971968	0.29952323	-0.2230869	0.06580621
0.36210716	0.2268427	-0.95118344	-0.111806095	-0.61260486	0.13484907	0.09974873	-0.74032545	-0.8703808	-0.8533023	-0.7976191	-1.0519412	-0.7795071	-0.70448685	-0.8271662	0.17176527
-0.896165	-0.86018825	1.2663251	-0.69317955	-0.71670556	-0.84767306	-0.93576616	-0.84423006	-0.85366917	-0.8090856	-0.8723749	-1.0340444	-0.8197614	-0.74759793	0.27768266	-0.7856934
-0.88589936	-0.050893843	0.14961946	0.010650694	0.1396147	0.100976765	-0.74870664	-0.8429949	-0.8598383	0.5873586	-0.86502045	-0.07415116	-0.6526598	-0.69168365	-0.49842	-0.71512073
0.08100659	-0.83005273	0.3076192	1.0509026	0.16349411	-0.871539	-0.9185267	-0.8339851	-0.8513223	0.7833488	0.03274691	0.35903764	0.22324574	-0.68058664	0.13391185	-0.7803123
-0.8595005	-0.8286269	0.102133036	-0.8078302	-0.6862457	-0.8498472	-0.86825776	-0.56613505	0.26889193	0.63541114	0.06832135	-0.8696673	0.37811136	-0.45693603	0.59471583	0.1959287
-0.92143476	0.865904	0.38099468	-0.8699303	-0.6287239	-0.8484225	-0.9363608	-0.82147974	-0.8585725	-0.86534107	-0.7765998	0.28989768	-0.7615551	-0.69803834	-0.79824567	0.46581966
-0.8073041	-0.83956575	-0.8213527	-0.7670375	-0.5060872	-0.772818	0.22289151	0.68548334	-0.8034535	0.29909182	0.55898815	-0.58814305	0.5015217	-0.68156016	-0.6095264	-0.22282714
0.04375708	-0.8003622	-0.9474163	-0.8077632	1.4889603	-0.533775	0.13173574	0.08804941	-0.8808659	-0.82633346	0.109357595	-1.0452281	-0.7791446	-0.7048517	-0.81115526	-0.70478266
-0.7834908	-0.7785815	-0.8172884	-0.6655914	-0.6248731	-0.7968559	-0.85739326	-0.73436993	-0.83644193	-0.7838515	-0.8219807	-0.8690484	-0.6245801	-0.6716581	-0.65943617	-0.678185
-0.8766842	-0.8744235	0.109178126	0.3486331	0.12130368	-0.85236764	0.0811339	-0.85281575	-0.9712438	0.25397408	0.13836437	0.8472743	-0.76357454	-0.73534983	-0.85773283	-0.8028687
-0.86255205	1.5233598	-0.93150926	-0.8534101	-0.6933064	-0.8395101	-0.4295149	-0.74882305	0.05739689	1.3291868	-0.8565081	-1.0829879	-0.7877602	0.10981232	-0.8301345	0.5270638
0.15362114	-0.8446126	-0.95660156	0.026878357	0.12609816	0.07579714	-0.89978707	-0.86485285	-0.9125102	-0.8556497	0.2776994	1.0531276	-0.65890324	-0.6828117	-0.1357004	-0.7970721
0.57643056	-0.7231053	-0.8593514	0.24031675	0.2809118	0.3189807	-0.9493098	-0.83257806	-0.895422	-0.89064544	-0.7838543	-0.75777775	-0.77226627	-0.6900252	1.0678427	-0.69850093
0.7192074	-0.85958517	0.46031487	-0.6843836	-0.472394	-0.7311075	-0.1796931	0.4684553	-0.8408555	0.2533673	0.537237	-0.5730464	0.4356432	0.19315076	-0.48631018	-0.010416925
-0.6532819	-0.8295606	-0.8765467	-0.8042459	0.61047	0.47748792	-0.9000401	0.15233815	0.073514044	-0.7737321	-0.85697854	0.19630408	-0.52264714	-0.7522117	-0.7943016	-0.79161304
-0.8936323	-0.9051281	-0.96908224	0.08497167	-0.7222611	-0.85237175	-0.96809334	-0.86121726	-0.91576445	-0.9377729	-0.87542427	-1.0886809	0.1299004	-0.69929177	-0.865926	-0.5066849
-0.8482698	-0.87065995	-0.11327535	0.075271726	0.4363994	0.06748903	-0.9269824	-0.789702	-0.8401093	-0.8355213	-0.8534956	-1.0280924	-0.775707	1.2699618	-0.7697991	0.09499878
-0.9102813	-0.8860656	0.26365507	0.39257377	-0.720797	-0.83587646	-0.91657424	-0.87212944	0.3037895	-0.84790623	0.29599935	0.5889667	-0.78673846	-0.727391	0.6320281	-0.8086985
0.04498142	0.13802874	-0.85853297	0.5822399	-0.48486224	-0.8541758	-0.92171234	-0.8415121	-0.8947762	0.11028874	0.1463331	-0.6953968	-0.74069554	-0.6022932	-0.74555904	0.6531767
-0.901663	0.17278957	0.13805509	-0.85130143	1.2342861	0.15472966	-0.9201194	-0.25478956	-0.8624635	-0.88748384	-0.8563076	-1.0308974	-0.75019836	-0.6881049	-0.7669199	-0.8032007
0.07416588	-0.8439	-0.9785529	-0.8268049	0.06487107	-0.8429828	0.79117316	-0.811182	-0.8411146	-0.579861	0.7605596	-1.0492035	-0.7446982	-0.7174054	-0.82647747	-0.77843463
2.192021	-0.49753013	-0.913351	-0.8254157	-0.6801177	-0.85289955	-0.9193227	-0.8286833	0.51812506	0.3170681	0.058853507	-1.0304984	-0.750063	-0.40871322	-0.8084766	-0.80431384
-0.86977965	0.57679296	-0.9118081	0.118457556	0.09547317	0.19146174	-0.898338	-0.8232044	-0.8659829	0.30730164	0.4751684	-1.0406837	-0.75407064	1.0591164	0.19207776	0.10343635
-0.88736457	-0.88597876	0.59240484	0.99164563	-0.7281656	-0.8659406	-0.9308478	-0.8559119	1.0761465	-0.9006385	0.7608798	1.9175302	-0.8224763	-0.7247995	1.8414344	-0.8268329
-0.8874535	-0.8658734	-0.9686218	-0.8034748	-0.6783532	-0.8380694	-0.9422812	-0.84553534	-0.8656064	-0.9145417	0.10357702	-1.0166312	-0.7558725	-0.7056618	0.39101148	0.073390424
-0.2767502	-0.29263163	0.16765475	0.107197225	-0.4518451	0.14881945	0.3113342	0.5874301	0.33158708	-0.8607785	-0.5211504	0.11295819	-0.7843504	-0.63225615	-0.64693236	0.5172965
1.1127806	-0.8811394	-0.8800053	-0.8328482	-0.6972201	0.08975607	-0.8841325	0.18150854	-0.89664936	-0.89560676	-0.8235203	-0.94525003	-0.7618837	-0.49961185	1.002364	-0.806783
-0.07100129	-0.8382864	-0.9743806	-0.816443	-0.55906475	0.14523023	-0.8704012	-0.8182453	-0.8952199	-0.7076741	-0.47920063	0.6069131	-0.76536477	-0.6506249	0.53941	1.4637058
0.22581339	-0.82396865	-0.47128776	-0.74326295	-0.73281324	-0.78403324	-0.87750614	-0.84342676	0.86022747	0.113776565	-0.86151344	0.19741476	-0.7427737	-0.70798635	-0.7890597	1.4715583
-0.87187403	0.09889752	0.13200712	-0.83372116	-0.50736797	-0.82080543	0.19331318	-0.7938752	0.54758036	-0.7351214	-0.8067512	-1.0405169	-0.67671126	-0.33860594	-0.794158	-0.79731226
-0.2887174	-0.3534963	-0.9211381	0.035654604	-0.6584962	0.16380459	-0.9279554	-0.8363551	-0.9208839	-0.7615067	-0.848453	0.2265507	-0.85981274	-0.75656575	-0.80494916	0.28109872
-0.8952154	-0.1680814	-0.5973776	0.31517285	-0.5636191	-0.26820314	-0.9215324	0.54107225	-0.88607633	-0.9189038	-0.82702035	0.55680966	0.5226939	-0.72923344	-0.77678543	-0.7892343
-0.9186098	0.15463763	-0.96823573	0.37155694	-0.25518388	0.06448275	-0.91607976	-0.8215482	-0.8899582	0.29839754	0.06728697	-1.0644238	0.03804958	0.14680952	-0.8246265	-0.79189515
-0.91845703	-0.58033085	-0.9529628	-0.78388965	-0.57633835	0.036590636	-0.99805856	-0.8337221	0.07669777	0.9589982	-0.79533154	1.0056666	-0.76429856	-0.69892603	-0.8311567	0.2270577
-0.87988275	-0.86909866	0.7746874	-0.86744297	-0.65378755	0.37669516	-0.9451989	-0.8188707	-0.87771916	-0.9399223	0.16856658	-1.0512403	-0.8136723	-0.6901121	-0.855271	-0.77715975
0.13671446	-0.5393574	-0.9463241	-0.8766069	-0.06853467	0.11974943	-0.9164773	-0.82857984	0.09590942	-0.8737794	-0.9245769	0.0757035	-0.8325922	0.14428669	0.1318624	0.050738454
-0.88325375	-0.87643075	-0.846355	-0.84400386	-0.6555551	-0.72682244	-0.9617313	-0.054413855	-0.63954496	-0.63075197	1.1732335	-1.0649774	1.5989075	0.111201525	0.9109992	-0.79688007
-0.5693538	-0.8519436	-0.87100637	-0.80367476	-0.58783436	0.22211969	-0.7925464	-0.8370556	-0.7310833	-0.8280643	0.4271688	0.11981046	0.18246555	0.29574603	0.49747097	0.06848663
-0.8676215	-0.83344233	0.21601033	-0.6471249	0.07072532	-0.8404671	-0.65255994	-0.8314411	0.36335123	0.73060703	-0.8571609	-0.988129	-0.83944035	-0.7384259	0.34606433	0.16922987
2.0031533	0.3401959	-0.94179904	-0.8282658	0.1180076	-0.8461322	0.3935911	-0.85062385	-0.9605461	-0.8741941	-0.8524161	-0.9807895	-0.81891596	-0.7045299	-0.82205963	0.33624107
1.0318755	-0.78192335	0.33297193	0.056632996	0.055041194	-0.6514073	0.62673897	0.6436204	-0.26104653	0.11901152	0.31807226	-0.7385246	0.6590948	-0.03583181	0.41771138	0.16552138
0.428249	-0.4794594	0.42926192	0.12458974	-0.56673145	-0.2100423	-0.77718043	0.4274187	0.32605243	-0.85411143	0.6733219	-0.73401743	-0.6779671	-0.7111022	0.39713895	0.27253777
0.03908056	-0.87901664	0.20742977	-0.84422874	1.3736823	-0.8519052	-0.97574437	0.42397726	-0.8691202	-0.79753065	0.20105302	-1.1003633	-0.7052145	-0.733894	-0.8192984	-0.6736526
0.41152728	-0.42826587	-0.67173254	-0.04043722	-0.15147471	-0.7145428	0.19175702	0.48657656	0.552258	-0.7580191	-0.79276437	-0.44686854	0.25907266	-0.5063107	-0.57134277	0.3325289
0.24436378	0.27843118	-0.34783193	0.03266698	-0.40620583	-0.7247085	0.5655156	-0.8637233	-0.89354044	-0.5556558	0.6979107	-0.9455497	-0.62808853	-0.60417736	-0.7775846	-0.70491964
-0.94124246	-0.86204475	-0.9324786	-0.8197565	0.8096903	-0.8632286	-1.0241314	-0.850959	-0.021288037	0.120104015	0.17859203	-1.0481786	-0.8529407	-0.69196	-0.82113546	-0.78224176
-0.90659344	0.8243631	-0.9131099	-0.82051855	-0.48901948	-0.7254372	0.102044046	-0.7290387	-0.4905446	-0.7823829	0.79054743	-1.0117188	-0.75790244	1.3096724	0.18355304	-0.7696698
0.10172987	-0.8460319	-0.82444525	-0.80420923	-0.18176523	-0.103083014	-0.95063287	-0.8319878	0.1439057	0.49166465	0.08572298	0.51114666	-0.71058	-0.71537316	-0.79999137	0.24328792
-0.8986259	0.12107521	-0.9211727	1.3057933	0.6074473	-0.8683357	-0.93639874	-0.800897	-0.9150143	0.52320445	-0.8763632	-1.0032635	0.5377867	-0.7466138	-0.8215084	-0.7982925
0.11117023	-0.8550588	-0.22325915	0.8764275	-0.69431484	-0.8541497	-0.94404334	-0.7972753	-0.86294216	-0.7411434	-0.82579106	-1.0438416	0.10679287	-0.13219833	0.058406353	-0.79278594
-0.9158103	0.68974197	-0.912644	-0.84752	2.0833192	-0.84022146	-0.9509394	0.19308859	-0.89125985	0.21526062	-0.7373099	-1.0402546	0.42732275	0.58525723	-0.8003615	-0.7814379
-0.91808736	0.27346635	-0.94949806	-0.7775482	-0.5006487	0.10515237	-0.79071206	-0.8056316	-0.80192345	-0.596375	-0.6418344	0.061712146	0.84094965	0.070865095	0.07601708	0.3809107
0.22731292	0.026143909	0.050071597	-0.2596426	-0.68927556	0.09423834	-0.9858982	0.068920255	-0.8875823	-0.9590384	-0.78383255	-0.7190406	0.0016393661	-0.72556144	-0.7795917	-0.80773306
0.25714839	-0.85040605	-0.915023	0.27688378	0.0915429	0.15803874	0.7201806	-0.15117651	0.1933083	0.57156503	0.195791	0.12093854	-0.349597	-0.7075344	-0.20090675	-0.8057382
-0.89346457	0.10374951	-0.9211962	0.16976678	-0.28482544	-0.85059524	-0.9138061	0.02852881	0.15234119	-0.8698849	-0.8133699	0.047584534	-0.6071473	-0.73762983	0.09837127	-0.527318
-0.906205	-0.8051538	-0.95376545	-0.8520303	-0.65207505	0.4203509	0.47938937	-0.6973786	0.9601263	0.0790661	-0.73747057	-0.4768038	-0.77106977	-0.71702397	0.37591374	0.8065062
-0.83461094	-0.84899974	0.52841496	-0.5760625	-0.66461504	0.6928861	-0.78993255	0.183909	0.60955036	0.22352874	-0.71199495	-0.9551199	-0.75238216	-0.7054339	0.06662041	0.16311479
-0.8621933	-0.85420585	-0.9226422	1.1178622	-0.6559645	-0.85743374	-1.0023179	-0.8693302	-0.8177776	-0.85330963	-0.7783829	-1.0904733	-0.75331914	0.066657305	-0.8076967	-0.80396414
0.14620316	-0.86330515	-0.926835	-0.113034606	-0.56072336	1.2709755	-0.8801077	0.5054953	0.06727636	-0.6086065	-0.78617513	0.22687745	0.16735208	0.32844716	-0.81630504	-0.8008469
-0.86288697	-0.18942559	-0.21734703	-0.7852765	-0.6593063	-0.692707	0.051883757	0.2667719	-0.86770797	0.3371935	-0.6264349	0.13835132	-0.73235446	-0.69306386	-0.82419217	0.158616
-0.71820664	0.15438342	-0.92932826	-0.8751826	-0.6412009	0.28682935	-1.0086842	1.0902791	0.10393584	-0.8526651	-0.82334363	-1.0927058	-0.83537173	-0.6835388	-0.8197865	-0.80514455
-0.86037767	-0.754942	0.38656223	0.032303095	0.07185757	-0.85230076	-0.66875637	-0.8521076	-0.86438626	0.09698707	-0.87065303	-1.0652283	-0.75942284	-0.73109996	-0.82882094	0.40448135
-0.74698687	-0.8827504	-0.9085296	0.05558306	0.09407145	-0.53319556	0.23909634	-0.7031918	0.1593985	-0.8240274	-0.87739825	0.20606458	-0.81316364	-0.6970608	-0.82920456	-0.7643151
-0.9103233	-0.88180846	-0.94021916	0.5813101	-0.67917395	-0.87933177	-0.91506124	-0.84326756	0.4027716	0.32232356	-0.88002896	0.53873014	-0.76962024	-0.72076404	0.6076577	-0.82522434
-0.2575962	-0.7961729	0.109386444	-0.59578943	0.05915743	0.49839973	-0.93040043	-0.77326477	-0.07049656	-0.6094001	-0.7628866	-0.94570285	-0.7036651	-0.32734725	-0.77316076	0.2460596
0.68405116	-0.86039704	-0.9489984	-0.8520228	0.09774977	0.25831753	0.16909963	-0.72858787	-0.22488993	-0.7967781	-0.6605248	0.07125521	0.12401217	-0.59671223	0.27281928	-0.7872065
0.5174835	0.67569864	-0.9160864	-0.847453	-0.18964511	-0.6791578	1.734381	0.5861105	-0.6435565	0.1352995	-0.7658775	-0.94963527	-0.74352294	-0.68754935	-0.4062398	1.6831615
-0.85450625	0.23227441	0.13341236	-0.82371765	-0.7188426	-0.8148241	-0.9015971	0.95158625	-0.8538506	-0.8196913	-0.8872088	0.19377577	-0.7663773	0.76613265	-0.671233	-0.8093456
0.15824509	0.14902484	-0.91931576	-0.7768921	-0.6836879	0.08502799	-0.9520836	-0.8078947	-0.8525006	-0.8961068	-0.8060764	1.4327079	-0.76120776	-0.72548133	-0.81582767	-0.24871853
0.17033714	-0.87613153	-0.26325226	-0.76093346	0.25891507	-0.8690885	-0.9135598	0.20050347	-0.92543906	0.19088465	-0.8049302	0.28779638	-0.8232532	-0.6709109	-0.56051826	-0.7404284
-0.8402077	0.0634383	0.3134514	-0.5958987	0.17230195	-0.5014833	-0.89624995	-0.7010732	0.44259644	-0.78041434	-0.102194965	0.16055155	0.14885956	-0.69782466	-0.6938253	0.1112833
0.05708319	-0.85873437	0.30811298	1.1520236	0.2718323	-0.87297714	-0.9087807	-0.82386345	-0.88711804	0.8224033	0.121854186	0.45188415	0.49028516	-0.7145195	0.20796305	-0.8254006
-0.9132293	-0.8233361	0.079280674	0.061226964	-0.6143209	0.21243823	-0.77941734	0.17329216	0.77731633	0.51514566	-0.76379174	-0.86872035	-0.7853021	-0.6605881	-0.39694828	0.5781198
-0.89812416	-0.6038845	-0.9437672	-0.7989354	-0.6258157	-0.5977584	-0.965952	0.8148117	-0.48823017	0.44996524	0.6904772	0.350235	-0.16861916	-0.71186566	0.5526632	0.279355
0.21976483	0.35691082	-0.8506326	-0.7678216	0.10505128	-0.41534284	0.19631869	-0.41530013	-0.15793818	0.41374958	-0.7443639	-0.9254958	-0.8213962	-0.67775834	0.38067853	-0.52401656
-0.90561426	-0.21395338	0.09156299	-0.8250931	-0.7294323	0.4664346	-0.906988	-0.80649865	0.5395273	-0.8119982	-0.8587694	0.7377192	-0.739315	-0.74907756	0.046193898	-0.8130318
-0.1470949	-0.8780319	0.41595602	-0.45100176	-0.48623744	0.2614491	-0.106919825	0.5311947	-0.2699964	0.6547866	0.40487832	0.3714925	-0.7008421	-0.7437055	0.41710925	0.16193283
0.06333375	-0.81656796	0.23812544	-0.6755076	0.08126944	0.61659586	-0.8526143	0.167709	-0.35834447	-0.8202632	-0.61339885	0.111843824	-0.811819	-0.7221761	-0.77629936	0.12970632
-0.8519788	-0.40490496	-0.3662204	-0.20467389	1.0016918	-0.8255653	-0.90664774	0.66986406	-0.87491286	-0.6406901	-0.7437093	-1.0228907	0.12814182	0.13596958	-0.81436455	0.19806135
0.4989878	-0.8591969	-0.9330807	-0.8661629	0.25667423	-0.87612367	1.4089229	-0.7129285	-0.45432782	-0.84236294	-0.84347755	-1.0791754	0.09612006	0.21879369	0.49833894	-0.8021916
0.20377743	-0.38247207	0.2211281	-0.46443537	0.33667493	0.7177068	0.65634316	-0.53287053	-0.8765685	-0.746515	-0.84599507	0.99811053	-0.77149564	0.45563656	-0.7688997	-0.7734195
-0.8108712	0.1473471	0.15256774	-0.8188885	-0.6484091	0.5609565	-0.9256421	0.532797	0.31645072	0.08407909	0.85747033	0.95634794	-0.70474255	-0.7238196	-0.87850106	-0.47702783
0.44052815	-0.7619262	0.49319756	-0.8298391	0.029143155	0.31071472	-0.9675025	-0.8184979	0.101918936	-0.75664055	-0.8889851	-0.11992061	-0.4714507	-0.6986399	-0.7479673	-0.78417426
0.74329495	-0.8588662	0.23526335	-0.706008	0.36287653	-0.15854174	-0.9090175	-0.18913978	-0.8679093	0.026206434	-0.7739167	0.21295285	-0.8051547	-0.49145937	-0.30165958	0.059836447
-0.85186046	0.61398804	-0.014137089	-0.849716	-0.43191072	-0.8510789	-0.92984766	-0.78482556	-0.8220931	-0.8641396	0.5092245	-1.0231969	0.05598533	-0.6907864	-0.727084	-0.8076437
0.056730688	-0.88092875	0.019981205	-0.83881736	-0.7276794	0.19094598	0.07716811	-0.799298	-0.13470066	-0.7889991	-0.87502784	-1.0686122	-0.77145815	0.096851945	-0.83295065	0.2706626
-0.897557	-0.655043	-0.91073203	-0.81680405	-0.5858595	-0.83035415	0.18227333	-0.6631913	-0.63333225	-0.7147133	-0.6787143	0.94024837	0.9435139	-0.56296736	0.15730584	0.61960727
0.12929171	0.1284234	0.11235994	0.9676313	-0.56910294	-0.69846094	-0.984209	-0.79630655	0.19807076	-0.74191016	1.047157	-0.80350524	-0.09488475	-0.6739478	-0.68775314	-0.690857
-0.7965852	0.14041007	0.09555131	0.0855068	-0.6604365	0.27341294	0.08748168	-0.7833279	0.032430887	-0.6958545	-0.3114229	0.4217925	-0.6096034	0.26317567	-0.7129791	-0.6470166
-0.89223623	-0.33127815	0.61039186	-0.82779974	-0.6234588	0.07537794	-0.90836245	1.3100336	-0.8384557	-0.8659589	-0.38585818	-1.0200753	-0.6890038	-0.7332369	-0.7168362	0.5092345
-0.7703413	-0.72380936	0.07192826	0.12125939	-0.45147264	-0.6583433	0.3812855	-0.8550997	-0.9518472	-0.6052456	-0.84312373	-1.0355748	-0.79853225	-0.7139432	-0.8073899	-0.04344505
-0.8686552	1.3242905	1.1774973	0.11188817	-0.29687417	-0.8370245	-0.68409014	-0.83372766	-0.32868457	-0.8634106	-0.789417	-1.0835696	-0.77414876	-0.49707985	-0.5737165	-0.77528465
-0.9204501	0.5006881	0.3826486	0.067040384	0.09445441	-0.8525918	-0.39382344	0.26057827	0.22560191	-0.67468345	-0.74186236	-1.0472654	-0.807675	-0.5397988	-0.7289935	0.28069288
0.0027137995	-0.8673768	-0.9564365	0.25501174	0.0831272	-0.8560221	-0.9120246	-0.8324837	-0.88295037	-0.6978308	-0.20696986	0.5374398	0.11229032	-0.69836605	0.11946857	-0.82722294
-0.86784154	-0.8650435	0.27552104	-0.80124915	-0.65614337	-0.87256664	-0.9943578	-0.85685	-0.9515737	-0.13704735	-0.5448364	-0.9741616	0.05089879	0.63343376	0.23769492	-0.70450854
-0.8853717	-0.83600175	0.47941577	-0.8479708	-0.7065225	-0.8567833	0.08556861	-0.8539258	-0.89106524	0.15212941	-0.833329	-1.0972986	-0.7756859	-0.6893066	0.36493802	-0.80341125
1.2656337	-0.8892049	-0.8589012	0.672136	-0.33380455	0.14336342	0.32573682	-0.6264637	-0.3820221	-0.8391072	-0.7994771	-0.8536505	0.408234	-0.72078717	-0.8097188	-0.79285383
-0.86640793	0.23566425	-0.87113917	-0.077830136	-0.6283088	-0.86935794	-0.92141503	0.3058412	0.6287643	-0.9234192	-0.8024177	-1.0666058	-0.78110796	-0.65041065	-0.7940701	-0.69853795
0.07338095	-0.8523826	-0.07478386	-0.8287239	1.2671816	-0.6481072	0.22975236	-0.8511196	-0.8517185	-0.8729335	0.18936598	0.29457128	-0.75625616	-0.6963963	-0.800876	-0.7629961
-0.89896435	-0.87251127	1.0312045	0.66139466	0.6003371	-0.87395763	-0.90500456	-0.82608706	-0.8774888	-0.8491102	-0.8663416	-1.0666817	2.6627276	-0.69651115	-0.82729775	-0.8103591
-0.82071257	-0.867661	-0.61579025	0.111725986	-0.54788876	-0.55426925	-0.87361753	0.68776464	0.32911062	0.25519574	0.38847643	-1.0442972	0.44372368	0.30886292	0.21970582	-0.37253955
0.41263604	1.0122058	0.21178162	0.48854834	0.5676555	0.6389084	-0.9223196	-0.72627944	-0.8318553	-0.8427595	-0.82442385	-1.0237863	-0.76354945	-0.59316015	0.4319793	-0.80307966
-0.89366436	-0.86555547	0.07687765	0.16657579	-0.6570621	0.11238885	-0.90799266	0.07357526	0.16718382	-0.8271768	-0.8938514	-1.0861772	-0.76464224	-0.7174698	-0.8602016	-0.8054605
1.3729404	0.30221534	0.29846704	1.4802728	-0.50517917	-0.8587902	-0.9369828	-0.8357027	-0.8574102	-0.6893499	0.29161495	-0.79247314	-0.7584891	-0.703655	-0.8369626	-0.80894375
-0.88439083	-0.85104287	-0.9469238	-0.82677877	0.99100405	-0.8501172	-0.91067094	-0.8317716	-0.83762777	-0.8554951	-0.8397269	-1.0775872	-0.69887865	-0.7260322	1.6524287	-0.7855626
0.08974266	-0.8634503	1.6121606	0.26951587	-0.7056893	0.26932538	-0.91134065	-0.63457376	0.25962186	0.5098289	0.15376222	-0.8658548	-0.75532734	-0.71626	0.23422188	-0.7621934
-0.83989817	-0.40747234	-0.22520727	0.14295411	1.0094213	-0.79990476	-0.89586556	0.73301876	-0.81070054	-0.57018507	-0.64599574	-1.0572828	0.11911976	0.08390617	-0.8268057	0.34013516
-0.7735606	-0.85217935	0.20227933	-0.8275513	-0.71287465	-0.8554704	0.079010665	-0.8451946	-0.85836154	-0.18444878	-0.79772186	0.20831108	-0.5930183	-0.71114045	0.7074003	0.8177667
-0.89627516	-0.79202586	-0.9302891	-0.76898736	-0.6889035	0.55408955	0.31131595	1.3316133	-0.9511366	-0.9501183	-0.8626861	-1.0447652	-0.7885621	-0.75294733	-0.8247486	-0.82104
-0.6571083	-0.7476272	0.25203824	0.14823383	-0.4926029	-0.8690847	-0.80862296	-0.8069716	0.7436178	-0.64192665	-0.5161571	0.31337154	0.25127488	-0.6570729	0.06683749	0.2907738
0.1785407	0.24257702	-0.047454774	-0.87550545	-0.6003125	-0.8491277	-0.9218271	0.19545197	0.046782732	-0.48278058	0.8733718	-0.5626012	-0.76064974	0.08731681	-0.73942125	0.51669925
-0.8977006	-0.8449279	-0.9348961	-0.8067134	0.3791424	0.33054805	-0.91271544	-0.7878932	0.30269718	-0.9124339	0.24379104	-1.0358957	-0.7488363	-0.68336374	-0.79962593	-0.80706435
-0.862896	-0.8437483	-0.9122685	-0.8282126	-0.7079545	0.22839278	1.2006633	1.172075	-0.90401787	-0.8581589	-0.8284847	0.48195112	0.037658453	-0.71739554	0.17163706	-0.7919823
-0.9372654	-0.88298887	0.08690983	0.128061	-0.6806713	-0.85655445	0.068541765	0.09943187	-0.88907754	-0.6265317	-0.7879845	-0.8640407	-0.8419007	-0.75887	0.15832245	-0.8098509
-0.8948451	-0.8882396	-0.86510724	-0.84749055	-0.5637051	-0.8450539	0.12524247	-0.8544899	-0.91963524	1.6256279	-0.82243454	-1.0841352	-0.7483457	-0.7351932	-0.84269774	1.6144826
0.95890045	-0.8700812	-0.9343117	0.22887641	1.0160758	-0.86581165	0.23856992	-0.80479455	0.04979372	1.1851354	0.6975818	-1.0755961	-0.7830173	-0.720978	-0.83242744	-0.7677705
1.2715274	-0.83052135	0.12623554	-0.8449822	0.104515016	-0.87386924	-0.81383145	0.088071406	0.32585204	0.3067881	-0.80406773	-1.0831057	-0.7682101	0.5853599	0.10509032	-0.8126418
-0.8626659	-0.61604	-0.9231436	-0.8824865	0.043197215	0.03525746	-0.91016656	-0.29858232	-0.871456	-0.88099074	-0.8415155	-1.1077559	-0.5162072	0.7708642	-0.8463679	0.17100906
-0.25774133	-0.31760746	0.14195502	-0.5483362	-0.64956087	0.49500883	-0.77160645	-0.77336985	-0.650542	-0.9206885	-0.22159636	-0.94633627	-0.77275777	0.056525886	-0.82817876	0.6347105
-0.2687691	0.23956347	-0.62016606	-0.017745316	0.16662723	-0.68275106	0.20444721	0.7199874	0.090384424	0.18960494	-0.60654354	-0.9887004	-0.77528465	0.48573261	0.08820647	0.33021408
-0.8578872	-0.84520775	0.14631933	0.106013596	-0.5854002	-0.866677	0.1382274	-0.50629467	0.23651016	-0.8757023	-0.5201685	-1.0644617	-0.14031202	-0.6936406	-0.80402225	0.11470151
-0.8934034	-0.4585981	-0.93546224	-0.85613155	0.09189695	-0.8467068	-0.9224014	0.4873867	-0.9632623	-0.87690014	-0.87015253	-1.0494574	-0.7560077	0.1658172	0.12290168	0.18283796
-0.9597351	-0.8770356	-0.60991234	0.5736956	-0.77052546	-0.85407597	-1.002704	-0.90175724	0.43416703	-0.94475734	-0.7781926	0.61348915	-0.85324144	0.313586	0.7547444	-0.8115182
-0.45533964	0.11410892	0.22260237	0.7361093	-0.6346902	0.4634899	-0.9074446	-0.83960843	0.20230854	-0.8499388	0.4074734	-1.0616516	0.42230093	-0.6986896	-0.7586625	-0.7723413
-0.778716	-0.66518295	-0.48836067	0.08396268	-0.60354996	0.114676595	0.2854517	0.7149515	0.26417923	0.42611933	-0.62221444	0.16794693	-0.3133384	0.07656515	-0.5879652	0.43523866
-0.9004428	-0.84243464	-0.97070014	-0.85604566	0.3305114	-0.84599906	0.05239731	-0.040451407	0.0627653	-0.7455124	-0.8034657	-1.0868325	0.05081582	-0.70142126	-0.790199	-0.8133952
-0.6827135	-0.49346474	-0.91698045	-0.76803106	0.4904093	0.05845821	0.48092002	-0.82617193	-0.70529985	-0.901936	-0.52166	-0.72893596	-0.7348674	1.0500178	-0.7830681	0.4564311
-0.91246974	0.3714224	-0.009585798	-0.7754931	1.5471377	-0.84509146	-0.94983685	-0.10292214	-0.00625962	0.31068313	0.16233379	-1.057304	-0.772176	-0.731236	-0.71258456	-0.75379455
-0.92117643	-0.7319552	0.15163255	0.027835786	-0.15586385	-0.8455126	0.29509956	-0.3094376	-0.9069566	-0.8453357	-0.8532725	0.11740482	-0.8107473	0.15865082	-0.8036244	-0.7923489
-0.852433	-0.87897533	1.0874702	-0.8350868	-0.70856154	-0.8620687	-0.9746161	-0.8490747	-0.9413048	1.2818149	-0.7858359	-1.0645666	-0.23281464	-0.7617284	-0.33523813	-0.795612
0.03897214	0.15551376	-0.93347925	0.11020213	2.132527	0.2559548	-0.6243009	0.11739719	-0.8058222	-0.9028004	-0.8259395	0.12118018	-0.7142436	0.123689234	-0.77672064	-0.7783276
0.68655527	-0.15065992	0.124171376	-0.5617789	-0.5738258	0.496042	0.30600744	0.36312103	-0.3729898	-0.747465	-0.7429046	0.20200062	0.0991174	-0.26456273	-0.7907954	0.5105664
-0.90182954	-0.86008775	-0.9617611	-0.8268794	-0.670857	-0.8360574	0.42269522	0.15820342	0.22802043	-0.84576684	-0.8256427	-1.0687165	-0.77015215	-0.71773756	-0.8398049	-0.8108661
0.45447576	0.08488351	0.10692865	-0.55222154	-0.6582477	0.34024966	0.059496284	-0.6340029	-0.7020996	0.083049	-0.81550413	0.6050384	0.16438043	0.4582122	-0.7082298	-0.43365178
-0.87509894	-0.86832327	-0.9248188	-0.31289098	-0.625481	-0.86230004	0.14369434	1.132543	0.2648641	-0.8265378	-0.86550987	-1.0366118	-0.75327283	0.86870486	-0.79665834	-0.7513839
-0.7166288	-0.8691176	0.035822093	-0.8049218	-0.6218065	0.3844018	-0.9396293	0.2559473	0.17049772	-0.83156437	-0.82406	-1.0374993	-0.7748575	-0.7064705	-0.785317	-0.22904989
0.77423143	1.2375498	0.17954874	-0.8254544	-0.62260705	-0.5745836	-0.92043734	-0.77872765	-0.8726893	-0.75454664	-0.7928281	-1.0498757	-0.7791352	0.31117892	-0.8275375	-0.7859173
-0.85072845	-0.77758646	0.868451	-0.6447959	0.29751533	-0.57374793	-0.7517713	-0.81022376	0.6178634	0.6139083	-0.28202486	0.13290274	0.21431285	-0.590977	0.22935313	0.33224052
-0.7457242	0.32360423	0.33942556	0.108817935	-0.45552558	-0.8321767	0.34624153	0.7649019	0.32328618	-0.13196284	-0.7467554	-0.9752694	-0.41836435	-0.6986671	-0.82324183	-0.53283244
0.15695125	-0.8858613	-0.927043	-0.8429065	-0.6432606	0.10010421	-0.10112125	0.47866964	-0.8940111	-0.7658189	-0.77335566	0.22521889	-0.74092674	-0.67287946	-0.72137684	0.19305849
1.5422572	-0.86617297	-0.9652985	-0.80127454	1.0138602	-0.8599737	0.09790194	0.23920798	0.14403474	1.7666095	-0.8601998	-1.0940986	-0.74428105	0.63787943	-0.2578856	-0.8149606
-0.084923506	-0.36456284	0.660391	-0.60717785	0.13757771	0.17592722	-0.809981	0.48690343	-0.80999607	0.15852612	-0.6924803	0.1743288	-0.779523	0.7571215	0.47148037	0.28806263
-0.8992714	-0.21278316	-0.9187978	-0.8412927	0.56523436	0.15950173	-0.93570846	-0.7588224	0.101929784	-0.879521	-0.8899526	0.26295316	-0.62977695	-0.7077946	-0.821185	-0.8205361
-0.87359	0.821298	-0.78298223	-0.84815556	-0.1613774	0.5035217	-0.89887226	-0.7523164	-0.6675288	-0.7050887	0.22232717	-1.0289532	1.4338319	0.35664314	-0.095615506	-0.095691204
2.0190187	-0.016330719	-0.9408484	0.10537577	-0.6858615	-0.79174984	-0.93712246	-0.80757165	-0.94422954	-0.86377776	-0.8576021	-1.0340047	-0.81795	-0.7135469	0.19512373	-0.80311525
-0.890118	0.15475452	-0.9457647	-0.81003225	-0.66745937	-0.8628658	-0.37739405	-0.81640375	-0.90410835	-0.87008864	-0.8381709	0.2696699	-0.78373575	-0.6890667	-0.80194104	0.5647947
-0.8725833	-0.885635	0.07929391	-0.8411062	-0.70365983	0.05460763	-0.97329724	-0.82567835	0.7378781	-0.75460565	-0.8733951	0.09392762	-0.7586996	-0.6579633	-0.82902426	-0.76836073
-0.9163834	-0.86150634	-0.95497125	0.07013142	-0.63496184	-0.8656325	-0.9413236	-0.8217857	0.105701506	-0.88710463	-0.8837054	-0.12740713	-0.7793565	0.017660439	-0.829421	-0.68642646
-0.9389747	-0.8696257	-0.57895243	0.87396187	-0.6807843	-0.87239695	-0.94118965	-0.8601574	0.38573444	-0.87324125	-0.8461205	0.1082983	-0.76636314	-0.73967373	0.25117993	-0.7886131
-0.91234505	-0.83270866	1.0375103	0.9321204	0.59898144	-0.58241856	-0.9338582	-0.845507	0.78936195	-0.86985636	-0.87289	-1.1034589	0.29454756	-0.7367149	-0.81808203	-0.82827
-0.8600123	-0.8906307	-0.9165718	0.03137827	-0.6898596	-0.84679675	-0.5383071	-0.6910205	-0.8561772	-0.7863318	-0.80752766	0.101354	0.57714033	-0.7618759	-0.8262078	0.10915041
-0.8802913	-0.5929345	0.24709225	-0.84823596	0.048738897	-0.62475675	-0.9430973	0.12741727	-0.87853146	-0.8794003	-0.75882643	-0.38799196	-0.79071516	-0.75987494	-0.7981665	0.15420926
-0.91230893	-0.83968604	-0.6418993	-0.7517732	-0.691972	-0.8568868	-1.0071522	0.22182912	0.14022338	-0.8152605	-0.85855603	-1.0768632	0.21580642	0.20092547	0.5192373	-0.4260156
-0.6075369	-0.7307597	0.18087494	-0.69521	-0.6121821	0.20004821	-0.9708626	-0.5854648	-0.2509234	-0.8711447	0.15292376	-0.88862807	-0.8037074	0.09488326	0.36245835	0.4533339
-0.90682095	0.33009136	-0.9303428	-0.82683986	-0.35046482	-0.03502506	-0.93508697	-0.8526188	0.5005889	-0.05354333	-0.8508017	-1.0512847	0.5971749	-0.69690245	0.17582232	0.18341738
-0.9199403	-0.8680192	-0.95567214	1.1361756	1.3971369	-0.85638124	-0.8946153	-0.8139371	-0.9162102	2.3619843	-0.91269624	-0.3647772	0.6967739	-0.7197204	-0.827926	0.15622729
0.09562868	-0.081929624	-0.897326	0.8159272	-0.2767892	0.26411444	-0.69257545	-0.77781445	-0.82028145	0.3932035	-0.12974828	-0.9852923	-0.6732204	-0.706898	-0.8151357	0.13889056
-0.9371237	0.7201133	-0.92725515	-0.85817367	0.31294125	-0.8580159	-0.9307067	-0.8054604	1.2976186	-0.9470186	0.187029	-0.6659714	-0.7659073	1.4239554	-0.8838191	-0.7894174
-0.8239832	0.48132575	-0.90196204	-0.8492374	2.1774602	0.26961672	0.69942266	0.22744173	-0.83240396	0.41413414	-0.85995454	-1.0351815	-0.7683201	-0.70604706	0.7103857	-0.31773865
0.33801115	0.09769666	0.4149953	-0.8454151	0.89571315	-0.8398061	-0.9658872	-0.84623754	-0.87607276	-0.90817046	-0.8576981	-0.63679487	-0.8159902	-0.6928484	-0.81351155	-0.8017434
1.5721387	0.12284535	-0.95792276	0.087392986	-0.63683426	0.05525011	-0.92282575	-0.7030009	0.17389727	-0.7512193	-0.8647033	-1.04742	0.34040618	-0.7243739	-0.63905	-0.36421043
-0.67936075	-0.76995534	-0.67855185	0.07806045	0.05073297	-0.6500632	0.24984008	0.61214435	0.07336146	-0.6484238	-0.7112583	-1.0596973	-0.7416366	-0.5573422	-0.81090945	0.5127521
-0.8312941	0.7235627	0.33065164	-0.8471915	-0.6294772	0.10794777	0.057577908	-0.70734155	-0.6221263	-0.7787917	0.3989001	-0.5128283	-0.75198627	0.17526257	-0.80169237	-0.8026689
0.041261613	-0.8205928	-0.8989865	0.16609079	-0.6675644	0.061458707	0.025836349	0.24579442	-0.593383	-0.83351433	-0.860839	-1.0453342	-0.6886055	-0.7324124	-0.78901637	0.39455456
-0.94046813	0.50039434	-0.9799303	-0.8499865	1.4473577	2.189158	-0.96895474	-0.8259134	-0.88220876	-0.8810469	-0.8620834	-1.0818566	-0.8180088	-0.70124984	0.14471722	-0.81387794
0.69751656	0.08885336	-0.95040137	-0.7621737	-0.5067991	-0.42894566	0.2260229	0.51038456	0.11937493	-0.6490065	-0.53837645	-0.76780266	0.35913968	0.72664744	-0.7000998	0.8674218
0.527284	-0.462416	-0.9593234	0.72193366	0.44456512	0.86771965	-0.9132143	-0.6018214	-0.8723328	-0.790326	-0.78838104	0.29435062	-0.84602845	-0.66138077	-0.7695834	-0.8136391
-0.9161962	0.5982162	0.23634398	-0.7805481	1.0818393	0.81705093	0.40792233	-0.8345288	0.12942576	1.2506107	-0.76642025	-1.0572996	-0.75398433	-0.66228366	-0.8076545	-0.76283956
0.07964057	-0.90026337	0.051529527	-0.83154917	-0.681504	-0.84667885	0.20477647	0.057847917	-0.8571432	-0.8700961	0.09118658	0.15851665	-0.69209826	-0.7158495	-0.2586706	-0.8146445
0.25186193	-0.12364423	0.22904491	-0.47977912	-0.56091714	0.15231425	-0.87085086	0.37795663	-0.38672084	0.63224816	0.2745865	0.26735842	-0.6464032	-0.13454124	0.40872443	0.22178829
-0.93192214	0.069467485	-0.995508	-0.87145007	-0.6700307	-0.8584571	-0.93395984	0.13658792	0.9365276	-0.8153881	-0.78272724	-1.0387843	-0.7236702	-0.70757127	-0.8319864	1.0834124
-0.9142327	-0.8193203	0.8204138	-0.84003055	-0.6432698	0.13494521	-0.92293894	-0.8706279	0.32885087	-0.09877205	-0.8099687	0.62886524	-0.7470601	-0.7230911	-0.5314901	-0.79582244
0.34837842	0.7451335	-0.95154846	-0.8550633	-0.45617634	0.26882523	-0.99876904	-0.81902885	-0.7611629	-0.9228735	-0.8749014	0.17271793	-0.84703755	-0.7141363	0.30256498	-0.7883301
-0.7270749	-0.8671867	0.21314132	0.44375032	-0.6644086	0.460235	-0.9121668	-0.82522726	0.18599379	-0.783282	-0.86826277	-0.6629647	-0.67650276	-0.6799429	-0.7983414	0.0837813
-0.9015262	-0.850833	-0.9670001	0.38832802	-0.65281254	-0.85719997	-0.9796152	-0.7930599	1.1905807	-0.8653034	0.64871615	-1.0794166	0.22565144	-0.71497756	-0.35013244	0.7911779
-0.8684765	-0.23229957	-0.9193706	0.62493676	-0.6439318	-0.86040485	0.1421817	0.08345324	0.16886717	-0.8848036	-0.8811139	-0.09235704	-0.7521227	-0.7138066	0.17622143	-0.7716612
0.43748486	-0.8054884	-0.89806825	-0.5987501	0.2768721	-0.85110873	0.25081378	-0.78748494	0.4050492	-0.93015456	0.8942359	-1.0101951	-0.83536565	0.40604442	-0.77813876	-0.4431135
0.13460904	-0.05671209	-0.8906385	0.9047485	0.10527539	-0.7120075	1.32514	0.167822	-0.7579234	-0.860114	-0.7361181	-1.0371479	-0.40118554	-0.66759026	0.21030742	-0.76205707
-0.9140722	-0.86601573	-0.95895743	-0.8301103	-0.6767105	-0.84486663	-0.9301956	-0.7976153	-0.89453393	-0.9031566	-0.85031366	-1.0479014	-0.8255823	1.4383194	-0.85043436	-0.80100536
-0.9202672	-0.8463823	0.09301078	-0.8535459	1.5092666	-0.85073847	-0.9037867	0.13928396	-0.86701	-0.8516869	0.2951786	-1.0544757	-0.7044807	-0.7482111	-0.71538144	-0.42534608
-0.8720223	-0.6521456	-0.8563761	-0.75997835	-0.032025456	0.17545182	0.18630248	-0.3204747	-0.8767811	-0.73255646	0.25135583	0.15895677	0.236332	0.0736897	-0.77898574	0.18741262
0.5682241	-0.48572418	0.9276049	0.1371004	-0.57100296	-0.4498627	-0.86435425	0.5740715	0.26326025	0.49407053	-0.76961106	-0.2617759	-0.61763984	-0.5566032	-0.63473076	-0.8056779
-0.87782484	-0.3036893	1.4633931	-0.7462632	0.41239053	-0.8562132	-0.9725237	-0.8381641	-0.86996245	0.09612459	0.49946362	-1.0295037	0.95713603	0.31286818	-0.5434542	-0.79998547
2.0393424	-0.8459734	-0.93336654	-0.8622496	-0.0059843063	-0.8492817	-0.93573105	-0.856823	0.11894679	-0.85929054	-0.89104754	0.13004458	-0.7728054	0.22469074	0.7128049	-0.8115119
-0.88488984	0.036696315	-0.931227	-0.85267293	0.07427299	-0.8685785	-0.9848803	-0.8349454	0.34591007	-0.6963889	-0.87416697	-1.094765	-0.83032954	-0.7022865	-0.80324244	-0.79698277
-0.81484354	-0.8711226	0.13060623	-0.8017447	-0.15010488	0.43373275	-0.8452351	-0.52482283	0.26774168	-0.64639455	-0.86546177	0.26016986	0.029275775	-0.7021342	-0.78883356	1.0747876
-0.88758504	-0.90294635	0.69470215	-0.85304296	3.5424316	-0.8540784	-1.0051883	-0.14793569	-0.8890621	-0.7790592	0.55072325	-1.084806	-0.7758382	-0.7197744	-0.8768447	1.6010208
0.08860892	0.06451821	-0.92087185	0.14568406	-0.6930181	-0.79103297	-0.9345845	-0.79660845	-0.87244916	-0.9002241	-0.60192543	-1.034138	-0.7079073	0.21014196	-0.8652658	0.16414672
-0.84593517	-0.8549838	-0.674708	-0.31038103	-0.5791011	0.9017019	0.092049	0.46095014	0.8036541	-0.76959157	-0.8030871	0.39135802	-0.6011394	-0.6972398	-0.77388215	0.69912654
-0.16881156	0.26665437	-0.97074926	-0.8765389	-0.113812625	-0.8552606	-0.9379689	0.04194188	-0.76984996	-0.75522995	-0.7982142	-1.094209	-0.8002179	1.1683872	-0.80929863	-0.82240003
-0.64420927	0.351712	0.5315871	-0.37659454	1.0918169	-0.8321506	-0.8858846	0.7044029	0.2179451	-0.86359143	-0.8261785	-1.0354432	-0.8040237	-0.09797317	-0.78149676	0.26707292
-0.26376617	-0.8100131	-0.878526	0.80786675	-0.6154332	0.96015966	0.7572432	-0.8495544	0.7774651	-0.6722143	-0.15092641	-0.73934597	-0.7926713	-0.72517145	-0.6300574	0.46963543
-0.45269027	-0.73390657	-0.7318556	-0.7628647	0.1744011	-0.004148841	0.04450357	-0.8543238	-0.85538185	-0.8568647	0.084718764	0.025838494	0.557292	-0.7088612	-0.8073122	0.87498385
-0.55857444	0.21186489	0.1886121	-0.8346429	-0.7014556	0.35242963	-0.9304386	-0.89922523	-0.8703002	-0.8041656	-0.92465496	-1.0072196	0.16138554	-0.77131414	-0.41421577	0.06588292
0.098538995	-0.8733364	0.24729216	-0.832997	0.0778051	-0.83032626	0.7808482	-0.79368234	-0.90912706	-0.735766	-0.8434057	0.549832	-0.7086021	-0.43113288	-0.8153079	-0.7817933
-0.86547244	-0.8421236	-0.9338973	-0.74140054	-0.58325106	0.11775881	-0.9565997	-0.84555936	-0.84000444	-0.89151263	1.3344774	0.10574138	-0.72513473	0.19774717	-0.8326694	0.47878212
-0.8748796	-0.8748322	0.02409941	0.12245035	0.18994147	0.06975037	-0.92656106	-0.7846095	-0.45964488	-0.8576644	-0.82487875	0.10767639	-0.77250135	-0.6856411	-0.81584316	-0.45103028
-0.907635	-0.86470735	-0.04160148	-0.8542417	-0.6824168	-0.72717845	-0.9190557	0.09591329	-0.8997089	0.32020068	0.10746789	0.07070351	-0.7656553	-0.686405	-0.8104583	0.3200673
0.21905279	-0.8578461	0.4870454	-0.77975786	-0.6692716	-0.8635371	-1.0048898	-0.32012165	0.52100503	0.065944016	-0.86696833	0.57896996	-0.769993	-0.75207996	-0.7748037	0.24637675
0.2115066	-0.827381	0.18720615	-0.8110405	-0.44587192	-0.6353995	0.67316383	-0.63328564	-0.8874782	-0.7320144	-0.86311954	0.5194864	0.15534413	0.34006637	-0.79749954	-0.27192837
-0.0076416135	-0.83510804	-0.96096885	-0.82284826	0.106758	-0.37405518	-0.9658422	-0.84398246	0.12329584	0.3016039	-0.8262847	0.41956544	-0.8212893	-0.69218504	-0.83357507	0.46654135
-0.8723428	-0.70729524	-0.04995334	-0.6249192	0.11055899	-0.7083938	-0.7678832	-0.84908324	0.27978265	-0.85145855	0.2484203	-1.0338235	0.19355094	-0.6982542	0.752489	-0.7574726
-0.8755097	0.3463949	-0.89729047	1.5759625	1.4525237	-0.86110485	-0.8921635	-0.7486181	-0.9595531	0.11414701	-0.781574	0.745587	-0.70113593	-0.20369309	-0.7874931	0.5935492
-0.8849806	-0.8739043	-0.9654984	-0.87288654	-0.6753335	-0.85807157	-0.91692275	-0.81183845	-0.8741003	-0.9005823	-0.81848764	-1.0992447	-0.74893636	-0.69948715	-0.81123364	-0.79419637
-0.86661667	-0.81413287	0.9650173	-0.8385045	-0.6406202	-0.84870905	-0.8761333	0.37956512	0.16078454	-0.87454677	-0.8872027	-1.0000553	0.265476	0.38727206	-0.33704606	0.07115811
-0.84720755	-0.81156737	-0.89212906	-0.75514275	-0.49793977	0.33839655	0.28165203	0.5113292	-0.4508754	0.045608997	0.53231317	0.2624687	0.1580317	-0.71751416	0.25291318	-0.78323555
-0.902359	0.14933884	-1.0139836	0.46285254	-0.3086714	0.13205302	-0.95759106	-0.8642166	-0.8808874	-0.86406213	-0.8708999	0.14884901	-0.7827937	-0.73677987	-0.7764454	0.20056707
-0.8412095	-0.6836803	-0.92770505	-0.8587032	0.8734959	-0.85299397	-0.90097255	0.025349379	0.20331448	-0.8361439	0.21940935	-1.0334761	-0.7534957	-0.7137662	-0.8564564	-0.7970326
-0.873448	0.031663656	-0.94714177	-0.8669095	2.3301945	-0.8566971	-0.8096463	0.31590486	0.4513296	-0.11806327	-0.80630094	-1.0551852	-0.7935555	-0.7274153	0.449746	0.10132718
-0.9062646	-0.86081755	0.14149857	-0.78241456	-0.6651133	-0.8237832	0.09670687	-0.8478918	-0.73937905	-0.78156984	-0.78995764	0.24301267	-0.8258982	-0.70816183	-0.8194111	1.0776005
